59713.46805547 0.003221 0.00321
59713.46817067 0.004771 0.00321
59713.46828587 0.004691 0.00321
59713.46840107 0.005553 0.00321
59713.46851627 0.005779 0.00321
59713.46863147 0.009266 0.00321
59713.46874667 0.005805 0.00321
59713.46886187 0.009010 0.00321
59713.46897707 0.012332 0.00321
59713.46909227 0.006832 0.00321
59713.46920747 0.018313 0.00321
59713.46932267 0.016024 0.00321
59713.46943787 0.016474 0.00321
59713.46955307 0.017304 0.00321
59713.46966827 0.018171 0.00321
59713.46978347 0.022946 0.00321
59713.46989867 0.018990 0.00321
59713.47001387 0.020385 0.00321
59713.47012907 0.022164 0.00321
59713.47024427 0.015716 0.00321
59713.47035947 0.010170 0.00321
59713.47047467 0.009063 0.00321
59713.47058987 0.008325 0.00321
59713.47070507 0.013208 0.00321
59713.47082027 0.006959 0.00321
59713.47093547 0.004933 0.00321
59713.47105067 0.003647 0.00321
59713.47116587 0.008122 0.00321
59713.47128107 0.006602 0.00321
59713.47139627 0.004435 0.00321
59713.47151147 0.003990 0.00321
59713.47162667 0.006987 0.00321
59713.47174187 0.005942 0.00321
59713.47185707 -0.004034 0.00321
59713.47197227 -0.009395 0.00321
59713.47208747 0.004134 0.00321
59713.47220267 -0.001363 0.00321
59713.47231787 0.002104 0.00321
59713.47243307 0.004212 0.00321
59713.47254827 0.001504 0.00321
59713.47266347 0.004320 0.00321
59713.47277867 0.002325 0.00321
59713.47289387 0.000705 0.00321
59713.47300907 0.000935 0.00321
59713.47312427 0.002850 0.00321
59713.47323947 0.004582 0.00321
59713.47335467 0.005599 0.00321
59713.47346987 0.000144 0.00321
59713.47358507 0.003711 0.00321
59713.47370027 0.003775 0.00321
59713.47381547 0.002807 0.00321
59713.47393067 -0.000516 0.00321
59713.47404587 0.000367 0.00321
59713.47416107 0.001692 0.00321
59713.47427627 -0.002110 0.00321
59713.47439147 0.000942 0.00321
59713.47450667 0.000934 0.00321
59713.47462187 0.002698 0.00321
59713.47473707 0.003170 0.00321
59713.47485227 0.002945 0.00321
59713.47496747 0.004256 0.00321
59713.47508267 0.002831 0.00321
59713.47519787 0.003456 0.00321
59713.47531307 0.004078 0.00321
59713.47542827 0.000229 0.00321
59713.47554347 -0.003408 0.00321
59713.47565867 0.000772 0.00321
59713.47577387 0.000039 0.00321
59713.47588907 0.003715 0.00321
59713.47600427 0.004257 0.00321
59713.47611947 0.004634 0.00321
59713.47623467 0.001883 0.00321
59713.47634987 -0.000895 0.00321
59713.47646507 0.000172 0.00321
59713.47658027 0.002354 0.00321
59713.47669547 0.003316 0.00321
59713.47681067 0.001927 0.00321
59713.47692587 0.003983 0.00321
59713.47704107 0.002022 0.00321
59713.47715627 0.001274 0.00321
59713.47727147 -0.000741 0.00321
59713.47738667 0.000812 0.00321
59713.47750187 -0.001016 0.00321
59713.47761707 -0.003401 0.00321
59713.47773227 0.000402 0.00321
59713.47784747 0.001638 0.00321
59713.47796267 0.003511 0.00321
59713.47807787 -0.001257 0.00321
59713.47819307 -0.003217 0.00321
59713.47830827 -0.000843 0.00321
59713.47842347 0.000929 0.00321
59713.47853867 -0.000467 0.00321
59713.47865387 -0.000908 0.00321
59713.47876907 0.000250 0.00321
59713.47888427 -0.000339 0.00321
59713.47899947 -0.001862 0.00321
59713.47911467 -0.000910 0.00321
59713.47922987 0.000538 0.00321
59713.47934507 -0.003465 0.00321
59713.47946027 -0.005085 0.00321
59713.47957547 -0.001497 0.00321
59713.47969067 -0.001518 0.00321
59713.47980587 -0.000139 0.00321
59713.47992107 -0.000970 0.00321
59713.48003627 -0.000033 0.00321
59713.48015147 -0.001638 0.00321
59713.48026667 -0.003629 0.00321
59713.48038187 -0.001852 0.00321
59713.48049707 -0.005792 0.00321
59713.48061227 -0.002342 0.00321
59713.48072747 -0.001970 0.00321
59713.48084267 -0.004346 0.00321
59713.48095787 -0.005550 0.00321
59713.48107307 -0.001178 0.00321
59713.48118827 -0.002984 0.00321
59713.48130347 -0.002890 0.00321
59713.48141867 -0.001851 0.00321
59713.48153387 -0.002295 0.00321
59713.48164907 -0.002962 0.00321
59713.48176427 -0.000877 0.00321
59713.48187947 -0.001780 0.00321
59713.48199467 -0.003725 0.00321
59713.48210987 -0.002921 0.00321
59713.48222507 -0.005005 0.00321
59713.48234027 -0.002781 0.00321
59713.48245547 -0.000640 0.00321
59713.48257067 -0.002153 0.00321
59713.48268587 -0.001771 0.00321
59713.48280107 -0.001968 0.00321
59713.48291627 -0.004955 0.00321
59713.48303147 -0.002527 0.00321
59713.48314667 -0.005839 0.00321
59713.48326187 -0.003104 0.00321
59713.48337707 0.001607 0.00321
59713.48349227 -0.000494 0.00321
59713.48360747 -0.002993 0.00321
59713.48372267 -0.000242 0.00321
59713.48383787 -0.004040 0.00321
59713.48395307 -0.000388 0.00321
59713.48406827 -0.002258 0.00321
59713.48418347 0.001805 0.00321
59713.48429867 -0.001283 0.00321
59713.48441387 -0.002643 0.00321
59713.48452907 -0.001340 0.00321
59713.48464427 0.000525 0.00321
59713.48475947 0.000197 0.00321
59713.48487467 -0.001273 0.00321
59713.48498987 -0.001419 0.00321
59713.48510507 -0.003092 0.00321
59713.48522027 -0.001184 0.00321
59713.48533547 -0.002928 0.00321
59713.48545067 -0.003461 0.00321
59713.48556587 -0.002205 0.00321
59713.48568107 -0.004186 0.00321
59713.48579627 -0.002836 0.00321
59713.48591147 0.001393 0.00321
59713.48602667 -0.002144 0.00321
59713.48614187 -0.003601 0.00321
59713.48625707 -0.004274 0.00321
59713.48637227 -0.005913 0.00321
59713.48648747 -0.003767 0.00321
59713.48660267 -0.005285 0.00321
59713.48671787 -0.000871 0.00321
59713.48683307 -0.000058 0.00321
59713.48694827 -0.007155 0.00321
59713.48706347 -0.005387 0.00321
59713.48717867 -0.002211 0.00321
59713.48729387 0.001340 0.00321
59713.48740907 -0.000366 0.00321
59713.48752427 0.003903 0.00321
59713.48763947 0.001321 0.00321
59713.48775467 0.000101 0.00321
59713.48786987 -0.002889 0.00321
59713.48798507 0.000475 0.00321
59713.48810027 -0.000259 0.00321
59713.48821547 0.001637 0.00321
59713.48833067 -0.001118 0.00321
59713.48844587 0.000115 0.00321
59713.48856107 0.000944 0.00321
59713.48867627 -0.000959 0.00321
59713.48879147 -0.000212 0.00321
59713.48890667 0.003961 0.00321
59713.48902187 0.002179 0.00321
59713.48913707 0.003143 0.00321
59713.48925227 0.001921 0.00321
59713.48936747 0.001925 0.00321
59713.48948267 -0.001824 0.00321
59713.48959787 -0.001690 0.00321
59713.48971307 -0.000106 0.00321
59713.48982827 -0.002911 0.00321
59713.48994347 -0.000079 0.00321
59713.49005867 0.001298 0.00321
59713.49017387 0.001007 0.00321
59713.49028907 -0.003836 0.00321
59713.49040427 0.000950 0.00321
59713.49051947 0.001265 0.00321
59713.49063467 0.003706 0.00321
59713.49074987 0.003392 0.00321
59713.49086507 0.003683 0.00321
59713.49098027 0.002228 0.00321
59713.49109547 0.000187 0.00321
59713.49121067 0.002471 0.00321
59713.49132587 0.003002 0.00321
59713.49144107 0.005078 0.00321
59713.49155627 -0.000518 0.00321
59713.49167147 0.003196 0.00321
59713.49178667 0.000098 0.00321
59713.49190187 0.000302 0.00321
59713.49201707 0.001917 0.00321
59713.49213227 -0.000631 0.00321
59713.49224747 0.001987 0.00321
59713.49236267 0.003222 0.00321
59713.49247787 0.003995 0.00321
59713.49259307 0.004929 0.00321
59713.49270827 0.004593 0.00321
59713.49282347 0.005047 0.00321
59713.49293867 0.005128 0.00321
59713.49305387 0.000389 0.00321
59713.49316907 0.018141 0.00321
59713.49328427 0.003006 0.00321
59713.49339947 0.003517 0.00321
59713.49351467 0.000781 0.00321
59713.49362987 0.000168 0.00321
59713.49374507 0.003094 0.00321
59713.49386027 -0.000617 0.00321
59713.49397547 0.000279 0.00321
59713.49409067 0.006107 0.00321
59713.49420587 -0.001550 0.00321
59713.49432107 -0.001316 0.00321
59713.49443627 0.001335 0.00321
59713.49455147 0.004139 0.00321
59713.49466667 0.000633 0.00321
59713.49478187 0.003454 0.00321
59713.49489707 0.000731 0.00321
59713.49501227 0.003378 0.00321
59713.49512747 0.002382 0.00321
59713.49524267 0.000304 0.00321
59713.49535787 0.002099 0.00321
59713.49547307 0.004027 0.00321
59713.49558827 0.003507 0.00321
59713.49570347 0.002584 0.00321
59713.49581867 0.000766 0.00321
59713.49593387 -0.001844 0.00321
59713.49604907 0.001493 0.00321
59713.49616427 0.000285 0.00321
59713.49627947 -0.000706 0.00321
59713.49639467 -0.002896 0.00321
59713.49650987 0.000944 0.00321
59713.49662507 0.000491 0.00321
59713.49674027 -0.000361 0.00321
59713.49685547 -0.003635 0.00321
59713.49697067 -0.002396 0.00321
59713.49708587 -0.000939 0.00321
59713.49720107 -0.002124 0.00321
59713.49731627 -0.002203 0.00321
59713.49743147 0.000453 0.00321
59713.49754667 -0.000610 0.00321
59713.49766187 0.005166 0.00321
59713.49777707 0.001892 0.00321
59713.49789227 0.002884 0.00321
59713.49800747 0.002101 0.00321
59713.49812267 -0.001757 0.00321
59713.49823787 0.001101 0.00321
59713.49835307 -0.002526 0.00321
59713.49846827 -0.001835 0.00321
59713.49858347 -0.003025 0.00321
59713.49869867 0.001310 0.00321
59713.49881387 -0.002142 0.00321
59713.49892907 0.001145 0.00321
59713.49904427 0.001619 0.00321
59713.49915947 0.000524 0.00321
59713.49927467 0.000858 0.00321
59713.49938987 -0.001772 0.00321
59713.49950507 -0.003872 0.00321
59713.49962027 0.000300 0.00321
59713.49973547 0.001243 0.00321
59713.49985067 0.000484 0.00321
59713.49996587 -0.001534 0.00321
59713.50008107 0.001699 0.00321
59713.50019627 0.002353 0.00321
59713.50031147 -0.000302 0.00321
59713.50042667 -0.000115 0.00321
59713.50054187 0.002707 0.00321
59713.50065707 -0.002093 0.00321
59713.50077227 0.001092 0.00321
59713.50088747 0.001351 0.00321
59713.50100267 0.001653 0.00321
59713.50111787 -0.003087 0.00321
59713.50123307 -0.000614 0.00321
59713.50134827 0.001231 0.00321
59713.50146347 0.002423 0.00321
59713.50157867 0.001999 0.00321
59713.50169387 0.000670 0.00321
59713.50180907 0.001826 0.00321
59713.50192427 0.000689 0.00321
59713.50203947 0.002409 0.00321
59713.50215467 -0.003040 0.00321
59713.50226987 -0.005500 0.00321
59713.50238507 0.001343 0.00321
59713.50250027 -0.001864 0.00321
59713.50261547 -0.000387 0.00321
59713.50273067 -0.000758 0.00321
59713.50284587 0.001609 0.00321
59713.50296107 -0.001255 0.00321
59713.50307627 -0.002757 0.00321
59713.50319147 -0.002114 0.00321
59713.50330667 -0.001284 0.00321
59713.50342187 -0.002865 0.00321
59713.50353707 -0.000069 0.00321
59713.50365227 -0.002594 0.00321
59713.50376747 -0.000904 0.00321
59713.50388267 -0.001824 0.00321
59713.50399787 -0.000597 0.00321
59713.50411307 -0.003107 0.00321
59713.50422827 -0.004862 0.00321
59713.50434347 -0.001634 0.00321
59713.50445867 -0.002132 0.00321
59713.50457387 -0.000948 0.00321
59713.50468907 -0.002496 0.00321
59713.50480427 0.000399 0.00321
59713.50491947 0.001131 0.00321
59713.50503467 0.000275 0.00321
59713.50514987 -0.000700 0.00321
59713.50526507 0.000061 0.00321
59713.50538027 -0.006433 0.00321
59713.50549547 -0.003812 0.00321
59713.50561067 -0.000474 0.00321
59713.50572587 -0.004037 0.00321
59713.50584107 -0.001207 0.00321
59713.50595627 -0.003055 0.00321
59713.50607147 0.001721 0.00321
59713.50618667 -0.000244 0.00321
59713.50630187 0.000675 0.00321
59713.50641707 0.003025 0.00321
59713.50653227 0.002218 0.00321
59713.50664747 0.001412 0.00321
59713.50676267 -0.003766 0.00321
59713.50687787 -0.002151 0.00321
59713.50699307 0.001305 0.00321
59713.50710827 -0.005535 0.00321
59713.50722347 0.000189 0.00321
59713.50733867 0.001392 0.00321
59713.50745387 0.004067 0.00321
59713.50756907 -0.000985 0.00321
59713.50768427 -0.000270 0.00321
59713.50779947 -0.000991 0.00321
59713.50791467 -0.001222 0.00321
59713.50802987 0.000125 0.00321
59713.50814507 0.000737 0.00321
59713.50826027 -0.000833 0.00321
59713.50837547 -0.000152 0.00321
59713.50849067 -0.000645 0.00321
59713.50860587 0.003371 0.00321
59713.50872107 0.003793 0.00321
59713.50883627 -0.000090 0.00321
59713.50895147 -0.002162 0.00321
59713.50906667 0.000712 0.00321
59713.50918187 -0.000612 0.00321
59713.50929707 0.000538 0.00321
59713.50941227 -0.001543 0.00321
59713.50952747 0.001565 0.00321
59713.50964267 0.002832 0.00321
59713.50975787 0.000617 0.00321
59713.50987307 0.000017 0.00321
59713.50998827 -0.000664 0.00321
59713.51010347 0.000340 0.00321
59713.51021867 0.000965 0.00321
59713.51033387 -0.000974 0.00321
59713.51044907 0.002145 0.00321
59713.51056427 0.000561 0.00321
59713.51067947 0.000390 0.00321
59713.51079467 -0.000256 0.00321
59713.51090987 0.002782 0.00321
59713.51102507 0.004592 0.00321
59713.51114027 0.002628 0.00321
59713.51125547 0.000155 0.00321
59713.51137067 0.002256 0.00321
59713.51148587 -0.000309 0.00321
59713.51160107 0.001873 0.00321
59713.51171627 0.003143 0.00321
59713.51183147 0.006727 0.00321
59713.51194667 0.004741 0.00321
59713.51206187 0.008452 0.00321
59713.51217707 0.007731 0.00321
59713.51229227 0.008658 0.00321
59713.51240747 0.005278 0.00321
59713.51252267 0.027906 0.00321
59713.51263787 0.004594 0.00321
59713.51275307 0.003886 0.00321
59713.51286827 0.032693 0.00321
59713.51298347 0.022186 0.00321
59713.51309867 0.001423 0.00321
59713.51321387 0.031495 0.00321
59713.51332907 0.024363 0.00321
59713.51344427 0.004790 0.00321
59713.51355947 0.003560 0.00321
59713.51367467 0.005492 0.00321
59713.51378987 0.005874 0.00321
59713.51390507 0.003529 0.00321
59713.51402027 0.008190 0.00321
59713.51413547 0.003041 0.00321
59713.51425067 0.004877 0.00321
59713.51436587 0.004981 0.00321
59713.51448107 0.004535 0.00321
59713.51459627 0.001473 0.00321
59713.51471147 0.003812 0.00321
59713.51482667 0.005821 0.00321
59713.51494187 0.007513 0.00321
59713.51505707 0.002310 0.00321
59713.51517227 0.003641 0.00321
59713.51528747 0.003774 0.00321
59713.51540267 0.003581 0.00321
59713.51551787 0.003284 0.00321
59713.51563307 0.001093 0.00321
59713.51574827 0.000367 0.00321
59713.51586347 0.001336 0.00321
59713.51597867 0.005635 0.00321
59713.51609387 0.003052 0.00321
59713.51620907 -0.000618 0.00321
59713.51632427 0.001205 0.00321
59713.51643947 0.002658 0.00321
59713.51655467 0.001650 0.00321
59713.51666987 0.002325 0.00321
59713.51678507 0.002682 0.00321
59713.51690027 -0.000114 0.00321
59713.51701547 0.001191 0.00321
59713.51713067 0.001872 0.00321
59713.51724587 0.001852 0.00321
59713.51736107 0.003140 0.00321
59713.51747627 0.001478 0.00321
59713.51759147 0.000495 0.00321
59713.51770667 0.001910 0.00321
59713.51782187 -0.000008 0.00321
59713.51793707 0.000431 0.00321
59713.51805227 0.003261 0.00321
59713.51816747 0.002356 0.00321
59713.51828267 0.002430 0.00321
59713.51839787 -0.000674 0.00321
59713.51851307 0.001327 0.00321
59713.51862827 0.001163 0.00321
59713.51874347 -0.000382 0.00321
59713.51885867 -0.000459 0.00321
59713.51897387 -0.001283 0.00321
59713.51908907 -0.000248 0.00321
59713.51920427 0.002018 0.00321
59713.51931947 0.002503 0.00321
59713.51943467 0.002807 0.00321
59713.51954987 0.001965 0.00321
59713.51966507 0.002924 0.00321
59713.51978027 0.001526 0.00321
59713.51989547 0.002614 0.00321
59713.52001067 0.000220 0.00321
59713.52012587 0.001373 0.00321
59713.52024107 -0.000863 0.00321
59713.52035627 -0.000957 0.00321
59713.52047147 0.000944 0.00321
59713.52058667 0.000211 0.00321
59713.52070187 0.000115 0.00321
59713.52081707 0.002046 0.00321
59713.52093227 0.003491 0.00321
59713.52104747 0.001982 0.00321
59713.52116267 0.003302 0.00321
59713.52127787 0.000163 0.00321
59713.52139307 0.002174 0.00321
59713.52150827 0.002115 0.00321
59713.52162347 0.002223 0.00321
59713.52173867 0.002007 0.00321
59713.52185387 0.002546 0.00321
59713.52196907 0.000994 0.00321
59713.52208427 0.005575 0.00321
59713.52219947 0.004223 0.00321
59713.52231467 0.004964 0.00321
59713.52242987 0.000850 0.00321
59713.52254507 0.000641 0.00321
59713.52266027 0.001262 0.00321
59713.52277547 0.001648 0.00321
59713.52289067 0.000968 0.00321
59713.52300587 0.002181 0.00321
59713.52312107 0.001143 0.00321
59713.52323627 0.003075 0.00321
59713.52335147 0.002858 0.00321
59713.52346667 -0.000227 0.00321
59713.52358187 0.004022 0.00321
59713.52369707 0.003214 0.00321
59713.52381227 -0.003561 0.00321
59713.52392747 -0.000520 0.00321
59713.52404267 0.004168 0.00321
59713.52415787 0.001224 0.00321
59713.52427307 -0.003740 0.00321
59713.52438827 -0.001445 0.00321
59713.52450347 -0.000450 0.00321
59713.52461867 0.001107 0.00321
59713.52473387 0.001037 0.00321
59713.52484907 0.000083 0.00321
59713.52496427 -0.000435 0.00321
59713.52507947 -0.001826 0.00321
59713.52519467 0.002612 0.00321
59713.52530987 0.000197 0.00321
59713.52542507 0.001424 0.00321
59713.52554027 0.003470 0.00321
59713.52565547 0.000173 0.00321
59713.52577067 0.002141 0.00321
59713.52588587 -0.001218 0.00321
59713.52600107 -0.001369 0.00321
59713.52611627 -0.000438 0.00321
59713.52623147 -0.001882 0.00321
59713.52634667 -0.000414 0.00321
59713.52646187 -0.001766 0.00321
59713.52657707 -0.003734 0.00321
59713.52669227 0.003699 0.00321
59713.52680747 0.002955 0.00321
59713.52692267 0.001868 0.00321
59713.52703787 0.002119 0.00321
59713.52715307 0.001380 0.00321
59713.52726827 -0.003773 0.00321
59713.52738347 0.000549 0.00321
59713.52749867 0.005112 0.00321
59713.52761387 0.002320 0.00321
59713.52772907 0.000864 0.00321
59713.52784427 0.002480 0.00321
59713.52795947 0.002844 0.00321
59713.52807467 -0.000740 0.00321
59713.52818987 0.002023 0.00321
59713.52830507 0.000856 0.00321
59713.52842027 -0.003273 0.00321
59713.52853547 -0.000044 0.00321
59713.52865067 0.001545 0.00321
59713.52876587 0.000708 0.00321
59713.52888107 -0.001681 0.00321
59713.52899627 0.001208 0.00321
59713.52911147 0.001779 0.00321
59713.52922667 0.002222 0.00321
59713.52934187 0.001329 0.00321
59713.52945707 0.000913 0.00321
59713.52957227 0.002292 0.00321
59713.52968747 -0.000168 0.00321
59713.52980267 -0.002409 0.00321
59713.52991787 0.001466 0.00321
59713.53003307 0.002735 0.00321
59713.53014827 0.000386 0.00321
59713.53026347 -0.000245 0.00321
59713.53037867 0.000611 0.00321
59713.53049387 -0.000122 0.00321
59713.53060907 0.002787 0.00321
59713.53072427 0.002064 0.00321
59713.53083947 0.001382 0.00321
59713.53095467 -0.000551 0.00321
59713.53106987 0.004511 0.00321
59713.53118507 0.002436 0.00321
59713.53130027 0.003173 0.00321
59713.53141547 -0.002115 0.00321
59713.53153067 0.004700 0.00321
59713.53164587 0.001870 0.00321
59713.53176107 0.001881 0.00321
59713.53187627 -0.002218 0.00321
59713.53199147 0.000284 0.00321
59713.53210667 -0.003481 0.00321
59713.53222187 -0.000005 0.00321
59713.53233707 0.000774 0.00321
59713.53245227 0.000596 0.00321
59713.53256747 -0.002831 0.00321
59713.53268267 -0.000113 0.00321
59713.53279787 0.000838 0.00321
59713.53291307 -0.000621 0.00321
59713.53302827 -0.002345 0.00321
59713.53314347 -0.003962 0.00321
59713.53325867 -0.002508 0.00321
59713.53337387 0.000854 0.00321
59713.53348907 -0.001114 0.00321
59713.53360427 -0.000150 0.00321
59713.53371947 0.001833 0.00321
59713.53383467 -0.000950 0.00321
59713.53394987 0.000379 0.00321
59713.53406507 -0.000078 0.00321
59713.53418027 0.001397 0.00321
59713.53429547 -0.001562 0.00321
59713.53441067 0.003027 0.00321
59713.53452587 0.003425 0.00321
59713.53464107 0.003190 0.00321
59713.53475627 -0.003874 0.00321
59713.53487147 0.002670 0.00321
59713.53498667 0.003587 0.00321
59713.53510187 -0.000489 0.00321
59713.53521707 0.000263 0.00321
59713.53533227 -0.000298 0.00321
59713.53544747 -0.000104 0.00321
59713.53556267 0.002134 0.00321
59713.53567787 0.000123 0.00321
59713.53579307 -0.001393 0.00321
59713.53590827 -0.000016 0.00321
59713.53602347 0.001613 0.00321
59713.53613867 0.001686 0.00321
59713.53625387 0.007760 0.00321
59713.53636907 0.009682 0.00321
59713.53648427 0.002524 0.00321
59713.53659947 0.001846 0.00321
59713.53671467 -0.000860 0.00321
59713.53682987 0.002838 0.00321
59713.53694507 -0.000041 0.00321
59713.53706027 0.001804 0.00321
59713.53717547 -0.000707 0.00321
59713.53729067 -0.001774 0.00321
59713.53740587 -0.001392 0.00321
59713.53752107 -0.000729 0.00321
59713.53763627 -0.000497 0.00321
59713.53775147 -0.000077 0.00321
59713.53786667 0.000373 0.00321
59713.53798187 0.002149 0.00321
59713.53809707 0.004179 0.00321
59713.53821227 -0.000502 0.00321
59713.53832747 0.002201 0.00321
59713.53844267 0.000504 0.00321
59713.53855787 0.001700 0.00321
59713.53867307 0.002618 0.00321
59713.53878827 -0.002657 0.00321
59713.53890347 0.000870 0.00321
59713.53901867 -0.000501 0.00321
59713.53913387 0.002290 0.00321
59713.53924907 -0.001169 0.00321
59713.53936427 0.002150 0.00321
59713.53947947 0.000554 0.00321
59713.53959467 0.001784 0.00321
59713.53970987 -0.000962 0.00321
59713.53982507 0.000624 0.00321
59713.53994027 0.005203 0.00321
59713.54005547 0.000705 0.00321
59713.54017067 0.001936 0.00321
59713.54028587 0.001441 0.00321
59713.54040107 0.000607 0.00321
59713.54051627 -0.000045 0.00321
59713.54063147 -0.001452 0.00321
59713.54074667 -0.000846 0.00321
59713.54086187 0.003058 0.00321
59713.54097707 -0.002181 0.00321
59713.54109227 0.002224 0.00321
59713.54120747 0.003036 0.00321
59713.54132267 0.004438 0.00321
59713.54143787 -0.001721 0.00321
59713.54155307 -0.000461 0.00321
59713.54166827 0.001495 0.00321
59713.54178347 0.001795 0.00321
59713.54189867 -0.001777 0.00321
59713.54201387 -0.000029 0.00321
59713.54212907 -0.000674 0.00321
59713.54224427 -0.001869 0.00321
59713.54235947 -0.002418 0.00321
59713.54247467 -0.002723 0.00321
59713.54258987 0.001456 0.00321
59713.54270507 -0.001751 0.00321
59713.54282027 -0.003128 0.00321
59713.54293547 -0.001765 0.00321
59713.54305067 -0.003830 0.00321
59713.54316587 -0.000762 0.00321
59713.54328107 0.001159 0.00321
59713.54339627 -0.004555 0.00321
59713.54351147 -0.003500 0.00321
59713.54362667 -0.003720 0.00321
59713.54374187 -0.000969 0.00321
59713.54385707 -0.000749 0.00321
59713.54397227 -0.005121 0.00321
59713.54408747 -0.000885 0.00321
59713.54420267 -0.003174 0.00321
59713.54431787 0.000868 0.00321
59713.54443307 0.001777 0.00321
59713.54454827 0.001734 0.00321
59713.54466347 -0.004179 0.00321
59713.54477867 -0.000685 0.00321
59713.54489387 -0.000451 0.00321
59713.54500907 -0.001822 0.00321
59713.54512427 -0.000095 0.00321
59713.54523947 -0.000088 0.00321
59713.54535467 -0.001328 0.00321
59713.54546987 -0.001881 0.00321
59713.54558507 -0.000841 0.00321
59713.54570027 -0.000475 0.00321
59713.54581547 0.002678 0.00321
59713.54593067 -0.001559 0.00321
59713.54604587 -0.002733 0.00321
59713.54616107 0.001260 0.00321
59713.54627627 -0.003654 0.00321
59713.54639147 -0.002354 0.00321
59713.54650667 -0.000019 0.00321
59713.54662187 0.000143 0.00321
59713.54673707 0.001715 0.00321
59713.54685227 -0.000368 0.00321
59713.54696747 0.001043 0.00321
59713.54708267 -0.001860 0.00321
59713.54719787 -0.002451 0.00321
59713.54731307 -0.002063 0.00321
59713.54742827 0.002832 0.00321
59713.54754347 -0.001873 0.00321
59713.54765867 -0.000291 0.00321
59713.54777387 -0.001215 0.00321
59713.54788907 -0.002396 0.00321
59713.54800427 0.002327 0.00321
59713.54811947 -0.001803 0.00321
59713.54823467 -0.000493 0.00321
59713.54834987 -0.001535 0.00321
59713.54846507 0.001559 0.00321
59713.54858027 -0.001887 0.00321
59713.54869547 -0.000593 0.00321
59713.54881067 0.001197 0.00321
59713.54892587 -0.001994 0.00321
59713.54904107 -0.002246 0.00321
59713.54915627 0.001897 0.00321
59713.54927147 -0.000641 0.00321
59713.54938667 0.000988 0.00321
59713.54950187 0.000519 0.00321
59713.54961707 0.003057 0.00321
59713.54973227 0.000377 0.00321
59713.54984747 -0.001875 0.00321
59713.54996267 -0.001981 0.00321
59713.55007787 0.000878 0.00321
59713.55019307 0.000736 0.00321
59713.55030827 0.000193 0.00321
59713.55042347 0.003806 0.00321
59713.55053867 -0.003269 0.00321
59713.55065387 0.000268 0.00321
59713.55076907 -0.000174 0.00321
59713.55088427 -0.000883 0.00321
59713.55099947 -0.000830 0.00321
59713.55111467 0.001707 0.00321
59713.55122987 -0.000929 0.00321
59713.55134507 0.000841 0.00321
59713.55146027 0.000817 0.00321
59713.55157547 -0.004412 0.00321
59713.55169067 -0.002064 0.00321
59713.55180587 -0.000101 0.00321
59713.55192107 -0.001342 0.00321
59713.55203627 -0.000556 0.00321
59713.55215147 0.002932 0.00321
59713.55226667 0.000707 0.00321
59713.55238187 -0.000860 0.00321
59713.55249707 0.000139 0.00321
59713.55261227 -0.001929 0.00321
59713.55272747 0.001555 0.00321
59713.55284267 -0.002509 0.00321
59713.55295787 -0.001818 0.00321
59713.55307307 0.000289 0.00321
59713.55318827 0.000380 0.00321
59713.55330347 0.000893 0.00321
59713.55341867 -0.000631 0.00321
59713.55353387 -0.001306 0.00321
59713.55364907 -0.002181 0.00321
59713.55376427 0.000967 0.00321
59713.55387947 -0.002046 0.00321
59713.55399467 -0.000718 0.00321
59713.55410987 -0.001076 0.00321
59713.55422507 0.001711 0.00321
59713.55434027 0.000281 0.00321
59713.55445547 -0.001784 0.00321
59713.55457067 -0.003431 0.00321
59713.55468587 -0.004614 0.00321
59713.55480107 0.001679 0.00321
59713.55491627 -0.002391 0.00321
59713.55503147 0.001884 0.00321
59713.55514667 -0.000554 0.00321
59713.55526187 0.000943 0.00321
59713.55537707 0.000567 0.00321
59713.55549227 0.001343 0.00321
59713.55560747 0.005193 0.00321
59713.55572267 0.004826 0.00321
59713.55583787 0.003061 0.00321
59713.55595307 0.007984 0.00321
59713.55606827 0.009584 0.00321
59713.55618347 0.009767 0.00321
59713.55629867 0.010798 0.00321
59713.55641387 0.004065 0.00321
59713.55652907 0.008728 0.00321
59713.55664427 0.004730 0.00321
59713.55675947 0.010057 0.00321
59713.55687467 0.006868 0.00321
59713.55698987 0.004261 0.00321
59713.55710507 0.003730 0.00321
59713.55722027 0.006842 0.00321
59713.55733547 0.003618 0.00321
59713.55745067 0.006271 0.00321
59713.55756587 0.003375 0.00321
59713.55768107 0.002053 0.00321
59713.55779627 -0.000483 0.00321
59713.55791147 0.002358 0.00321
59713.55802667 0.006141 0.00321
59713.55814187 0.002739 0.00321
59713.55825707 0.002450 0.00321
59713.55837227 0.000516 0.00321
59713.55848747 -0.000320 0.00321
59713.55860267 0.003653 0.00321
59713.55871787 -0.003790 0.00321
59713.55883307 -0.000223 0.00321
59713.55894827 -0.000526 0.00321
59713.55906347 0.000360 0.00321
59713.55917867 0.002408 0.00321
59713.55929387 -0.001006 0.00321
59713.55940907 0.000524 0.00321
59713.55952427 -0.001922 0.00321
59713.55963947 0.003229 0.00321
59713.55975467 0.000890 0.00321
59713.55986987 0.000069 0.00321
59713.55998507 0.000134 0.00321
59713.56010027 -0.001281 0.00321
59713.56021547 0.001040 0.00321
59713.56033067 0.000655 0.00321
59713.56044587 0.000947 0.00321
59713.56056107 -0.000667 0.00321
59713.56067627 -0.002063 0.00321
59713.56079147 -0.001277 0.00321
59713.56090667 0.001052 0.00321
59713.56102187 0.000710 0.00321
59713.56113707 0.000730 0.00321
59713.56125227 -0.000785 0.00321
59713.56136747 -0.001745 0.00321
59713.56148267 0.002228 0.00321
59713.56159787 0.000347 0.00321
59713.56171307 0.001501 0.00321
59713.56182827 0.002017 0.00321
59713.56194347 0.000309 0.00321
59713.56205867 0.001073 0.00321
59713.56217387 0.002739 0.00321
59713.56228907 0.003504 0.00321
59713.56240427 0.000199 0.00321
59713.56251947 0.002000 0.00321
59713.56263467 0.004434 0.00321
59713.56274987 -0.000056 0.00321
59713.56286507 0.000674 0.00321
59713.56298027 -0.000096 0.00321
59713.56309547 0.002142 0.00321
59713.56321067 0.001355 0.00321
59713.56332587 0.002881 0.00321
59713.56344107 -0.000765 0.00321
59713.56355627 0.001287 0.00321
59713.56367147 -0.000300 0.00321
59713.56378667 0.001185 0.00321
59713.56390187 -0.000130 0.00321
59713.56401707 -0.001865 0.00321
59713.56413227 -0.002275 0.00321
59713.56424747 -0.000357 0.00321
59713.56436267 -0.000171 0.00321
59713.56447787 -0.002635 0.00321
59713.56459307 0.002561 0.00321
59713.56470827 -0.000404 0.00321
59713.56482347 -0.000422 0.00321
59713.56493867 0.004263 0.00321
59713.56505387 0.002679 0.00321
59713.56516907 0.000902 0.00321
59713.56528427 -0.000073 0.00321
59713.56539947 -0.000911 0.00321
59713.56551467 -0.001967 0.00321
59713.56562987 -0.004418 0.00321
59713.56574507 -0.000649 0.00321
59713.56586027 -0.000965 0.00321
59713.56597547 -0.000485 0.00321
59713.56609067 -0.000599 0.00321
59713.56620587 -0.001001 0.00321
59713.56632107 0.000336 0.00321
59713.56643627 0.002677 0.00321
59713.56655147 0.001864 0.00321
59713.56666667 0.002346 0.00321
59713.56678187 0.000317 0.00321
59713.56689707 -0.001138 0.00321
59713.56701227 -0.001212 0.00321
59713.56712747 0.002455 0.00321
59713.56724267 0.000805 0.00321
59713.56735787 0.000500 0.00321
59713.56747307 -0.001050 0.00321
59713.56758827 0.001945 0.00321
59713.56770347 0.000501 0.00321
59713.56781867 0.004058 0.00321
59713.56793387 0.000214 0.00321
59713.56804907 -0.001031 0.00321
59713.56816427 -0.003483 0.00321
59713.56827947 -0.002025 0.00321
59713.56839467 -0.002050 0.00321
59713.56850987 -0.001283 0.00321
59713.56862507 0.000187 0.00321
59713.56874027 0.000822 0.00321
59713.56885547 0.003481 0.00321
59713.56897067 0.001398 0.00321
59713.56908587 0.000635 0.00321
59713.56920107 -0.000182 0.00321
59713.56931627 -0.001122 0.00321
59713.56943147 0.002434 0.00321
59713.56954667 0.000156 0.00321
59713.56966187 -0.002039 0.00321
59713.56977707 -0.002867 0.00321
59713.56989227 -0.004229 0.00321
59713.57000747 -0.000645 0.00321
59713.57012267 -0.000868 0.00321
59713.57023787 -0.000760 0.00321
59713.57035307 -0.001332 0.00321
59713.57046827 -0.001100 0.00321
59713.57058347 -0.000479 0.00321
59713.57069867 -0.000314 0.00321
59713.57081387 0.003668 0.00321
59713.57092907 0.003517 0.00321
59713.57104427 0.000177 0.00321
59713.57115947 0.000393 0.00321
59713.57127467 0.000049 0.00321
59713.57138987 -0.002486 0.00321
59713.57150507 -0.000358 0.00321
59713.57162027 0.002907 0.00321
59713.57173547 -0.003980 0.00321
59713.57185067 0.001844 0.00321
59713.57196587 -0.001949 0.00321
59713.57208107 -0.003303 0.00321
59713.57219627 -0.002186 0.00321
59713.57231147 0.000724 0.00321
59713.57242667 0.000547 0.00321
59713.57254187 0.000247 0.00321
59713.57265707 -0.001102 0.00321
59713.57277227 -0.000237 0.00321
59713.57288747 -0.000910 0.00321
59713.57300267 -0.003732 0.00321
59713.57311787 0.000003 0.00321
59713.57323307 -0.001128 0.00321
59713.57334827 -0.002230 0.00321
59713.57346347 -0.001562 0.00321
59713.57357867 -0.003474 0.00321
59713.57369387 -0.000443 0.00321
59713.57380907 -0.002518 0.00321
59713.57392427 0.000651 0.00321
59713.57403947 0.004403 0.00321
59713.57415467 -0.000729 0.00321
59713.57426987 -0.005347 0.00321
59713.57438507 -0.001294 0.00321
59713.57450027 0.000119 0.00321
59713.57461547 -0.000160 0.00321
59713.57473067 -0.001494 0.00321
59713.57484587 -0.000621 0.00321
59713.57496107 0.000847 0.00321
59713.57507627 -0.001686 0.00321
59713.57519147 -0.002011 0.00321
59713.57530667 0.000320 0.00321
59713.57542187 -0.001903 0.00321
59713.57553707 -0.000989 0.00321
59713.57565227 0.000215 0.00321
59713.57576747 0.000191 0.00321
59713.57588267 0.001784 0.00321
59713.57599787 -0.000117 0.00321
59713.57611307 -0.004617 0.00321
59713.57622827 0.000917 0.00321
59713.57634347 0.000005 0.00321
59713.57645867 0.000934 0.00321
59713.57657387 0.002039 0.00321
59713.57668907 0.001160 0.00321
59713.57680427 0.003485 0.00321
59713.57691947 0.002325 0.00321
59713.57703467 0.000804 0.00321
59713.57714987 0.001073 0.00321
59713.57726507 0.004167 0.00321
59713.57738027 0.001955 0.00321
59713.57749547 0.003701 0.00321
59713.57761067 0.003665 0.00321
59713.57772587 0.003838 0.00321
59713.57784107 0.003425 0.00321
59713.57795627 0.001827 0.00321
59713.57807147 0.003410 0.00321
59713.57818667 0.001518 0.00321
59713.57830187 0.001480 0.00321
59713.57841707 0.003431 0.00321
59713.57853227 0.000204 0.00321
59713.57864747 0.002151 0.00321
59713.57876267 -0.001648 0.00321
59713.57887787 0.001912 0.00321
59713.57899307 -0.001125 0.00321
59713.57910827 0.001092 0.00321
59713.57922347 0.002090 0.00321
59713.57933867 0.000705 0.00321
59713.57945387 0.009443 0.00321
59713.57956907 0.008366 0.00321
59713.57968427 0.007282 0.00321
59713.57979947 0.003550 0.00321
59713.57991467 0.006788 0.00321
59713.58002987 0.000467 0.00321
59713.58014507 0.001979 0.00321
59713.58026027 -0.000260 0.00321
59713.58037547 -0.001359 0.00321
59713.58049067 -0.002252 0.00321
59713.58060587 0.001551 0.00321
59713.58072107 -0.002416 0.00321
59713.58083627 0.000758 0.00321
59713.58095147 -0.000610 0.00321
59713.58106667 -0.002496 0.00321
59713.58118187 0.001729 0.00321
59713.58129707 0.001759 0.00321
59713.58141227 0.002664 0.00321
59713.58152747 0.002788 0.00321
59713.58164267 0.003446 0.00321
59713.58175787 0.004976 0.00321
59713.58187307 0.004581 0.00321
59713.58198827 0.004835 0.00321
59713.58210347 0.006007 0.00321
59713.58221867 0.005058 0.00321
59713.58233387 0.000052 0.00321
59713.58244907 0.001564 0.00321
59713.58256427 0.004457 0.00321
59713.58267947 -0.000300 0.00321
59713.58279467 0.001785 0.00321
59713.58290987 -0.000648 0.00321
59713.58302507 0.004234 0.00321
59713.58314027 0.001421 0.00321
59713.58325547 0.000172 0.00321
59713.58337067 -0.000847 0.00321
59713.58348587 -0.000259 0.00321
59713.58360107 0.004731 0.00321
59713.58371627 0.001872 0.00321
59713.58383147 0.000192 0.00321
59713.58394667 -0.002780 0.00321
59713.58406187 -0.003146 0.00321
59713.58417707 -0.001202 0.00321
59713.58429227 -0.000112 0.00321
59713.58440747 -0.002306 0.00321
59713.58452267 -0.003094 0.00321
59713.58463787 -0.003023 0.00321
59713.58475307 -0.002387 0.00321
59713.58486827 0.000262 0.00321
59713.58498347 -0.001569 0.00321
59713.58509867 0.000091 0.00321
59713.58521387 -0.002880 0.00321
59713.58532907 -0.002632 0.00321
59713.58544427 0.000499 0.00321
59713.58555947 0.001329 0.00321
59713.58567467 0.003901 0.00321
59713.58578987 0.003374 0.00321
59713.58590507 0.000638 0.00321
59713.58602027 0.000783 0.00321
59713.58613547 0.003888 0.00321
59713.58625067 -0.001245 0.00321
59713.58636587 -0.000426 0.00321
59713.58648107 0.001886 0.00321
59713.58659627 0.000101 0.00321
59713.58671147 0.003162 0.00321
59713.58682667 -0.000258 0.00321
59713.58694187 0.003183 0.00321
59713.58705707 0.001554 0.00321
59713.58717227 0.000204 0.00321
59713.58728747 0.002206 0.00321
59713.58740267 0.003584 0.00321
59713.58751787 0.003689 0.00321
59713.58763307 -0.001454 0.00321
59713.58774827 -0.002224 0.00321
59713.58786347 -0.001692 0.00321
59713.58797867 0.000726 0.00321
59713.58809387 0.000219 0.00321
59713.58820907 -0.001494 0.00321
59713.58832427 -0.000400 0.00321
59713.58843947 0.000784 0.00321
59713.58855467 0.003406 0.00321
59713.58866987 -0.002476 0.00321
59713.58878507 -0.000210 0.00321
59713.58890027 -0.001260 0.00321
59713.58901547 -0.003555 0.00321
59713.58913067 -0.003542 0.00321
59713.58924587 -0.003572 0.00321
59713.58936107 -0.000389 0.00321
59713.58947627 0.000242 0.00321
59713.58959147 0.000339 0.00321
59713.58970667 -0.000296 0.00321
59713.58982187 -0.001420 0.00321
59713.58993707 0.000728 0.00321
59713.59005227 -0.001837 0.00321
59713.59016747 -0.001860 0.00321
59713.59028267 -0.000856 0.00321
59713.59039787 0.000937 0.00321
59713.59051307 -0.001398 0.00321
59713.59062827 -0.002901 0.00321
59713.59074347 -0.002030 0.00321
59713.59085867 -0.001572 0.00321
59713.59097387 -0.000561 0.00321
59713.59108907 0.001002 0.00321
59713.59120427 -0.000936 0.00321
59713.59131947 0.000081 0.00321
59713.59143467 -0.001911 0.00321
59713.59154987 0.000693 0.00321
59713.59166507 -0.000940 0.00321
59713.59178027 -0.001033 0.00321
59713.59189547 -0.001203 0.00321
59713.59201067 0.000348 0.00321
59713.59212587 0.000000 0.00321
59713.59224107 0.003068 0.00321
59713.59235627 0.001581 0.00321
59713.59247147 -0.001148 0.00321
59713.59258667 0.004482 0.00321
59713.59270187 0.005196 0.00321
59713.59281707 0.002072 0.00321
59713.59293227 0.001366 0.00321
59713.59304747 0.001569 0.00321
59713.59316267 0.001541 0.00321
59713.59327787 -0.004021 0.00321
59713.59339307 -0.002298 0.00321
59713.59350827 -0.002496 0.00321
59713.59362347 -0.001531 0.00321
59713.59373867 0.000543 0.00321
59713.59385387 -0.000058 0.00321
59713.59396907 -0.000062 0.00321
59713.59408427 0.000029 0.00321
59713.59419947 -0.004217 0.00321
59713.59431467 0.002301 0.00321
59713.59442987 -0.001871 0.00321
59713.59454507 -0.001316 0.00321
59713.59466027 0.000595 0.00321
59713.59477547 -0.002208 0.00321
59713.59489067 -0.000565 0.00321
59713.59500587 -0.003220 0.00321
59713.59512107 -0.002212 0.00321
59713.59523627 -0.003405 0.00321
59713.59535147 0.002163 0.00321
59713.59546667 -0.000909 0.00321
59713.59558187 -0.003011 0.00321
59713.59569707 -0.001044 0.00321
59713.59581227 -0.002614 0.00321
59713.59592747 0.000888 0.00321
59713.59604267 -0.000914 0.00321
59713.59615787 -0.002288 0.00321
59713.59627307 -0.003913 0.00321
59713.59638827 -0.002902 0.00321
59713.59650347 0.001475 0.00321
59713.59661867 -0.000830 0.00321
59713.59673387 -0.001855 0.00321
59713.59684907 0.002089 0.00321
59713.59696427 0.000733 0.00321
59713.59707947 -0.000812 0.00321
59713.59719467 0.000930 0.00321
59713.59730987 0.001663 0.00321
59713.59742507 0.000735 0.00321
59713.59754027 0.000995 0.00321
59713.59765547 0.002683 0.00321
59713.59777067 0.000393 0.00321
59713.59788587 0.001821 0.00321
59713.59800107 0.001825 0.00321
59713.59811627 0.003898 0.00321
59713.59823147 0.002453 0.00321
59713.59834667 0.000497 0.00321
59713.59846187 0.006245 0.00321
59713.59857707 0.003289 0.00321
59713.59869227 0.004255 0.00321
59713.59880747 0.003813 0.00321
59713.59892267 0.007709 0.00321
59713.59903787 0.013207 0.00321
59713.59915307 0.015228 0.00321
59713.59926827 0.006128 0.00321
59713.59938347 0.020941 0.00321
59713.59949867 0.006131 0.00321
59713.59961387 0.008099 0.00321
59713.59972907 0.012998 0.00321
59713.59984427 0.014897 0.00321
59713.59995947 0.003059 0.00321
59713.60007467 0.007433 0.00321
59713.60018987 0.004498 0.00321
59713.60030507 0.006532 0.00321
59713.60042027 0.007252 0.00321
59713.60053547 0.005842 0.00321
59713.60065067 0.000276 0.00321
59713.60076587 0.004909 0.00321
59713.60088107 0.000155 0.00321
59713.60099627 -0.000229 0.00321
59713.60111147 -0.000074 0.00321
59713.60122667 0.001543 0.00321
59713.60134187 0.000193 0.00321
59713.60145707 -0.000778 0.00321
59713.60157227 0.000650 0.00321
59713.60168747 0.000258 0.00321
59713.60180267 -0.000422 0.00321
59713.60191787 -0.001858 0.00321
59713.60203307 -0.001068 0.00321
59713.60214827 0.000343 0.00321
59713.60226347 -0.001360 0.00321
59713.60237867 0.002647 0.00321
59713.60249387 0.000194 0.00321
59713.60260907 0.001743 0.00321
59713.60272427 0.000484 0.00321
59713.60283947 0.001613 0.00321
59713.60295467 0.000447 0.00321
59713.60306987 0.001907 0.00321
59713.60318507 0.004951 0.00321
59713.60330027 0.003784 0.00321
59713.60341547 -0.001478 0.00321
59713.60353067 0.000377 0.00321
59713.60364587 0.001163 0.00321
59713.60376107 -0.000924 0.00321
59713.60387627 0.001695 0.00321
59713.60399147 0.000521 0.00321
59713.60410667 0.000448 0.00321
59713.60422187 -0.000700 0.00321
59713.60433707 -0.000530 0.00321
59713.60445227 -0.000739 0.00321
59713.60456747 -0.000860 0.00321
59713.60468267 0.000586 0.00321
59713.60479787 -0.000233 0.00321
59713.60491307 0.000856 0.00321
59713.60502827 0.002446 0.00321
59713.60514347 0.003483 0.00321
59713.60525867 -0.000557 0.00321
59713.60537387 -0.002399 0.00321
59713.60548907 -0.001066 0.00321
59713.60560427 -0.000308 0.00321
59713.60571947 0.001509 0.00321
59713.60583467 -0.000050 0.00321
59713.60594987 0.002399 0.00321
59713.60606507 -0.001240 0.00321
59713.60618027 -0.004374 0.00321
59713.60629547 -0.003508 0.00321
59713.60641067 -0.002193 0.00321
59713.60652587 0.004075 0.00321
59713.60664107 -0.001310 0.00321
59713.60675627 -0.001067 0.00321
59713.60687147 0.001715 0.00321
59713.60698667 0.000376 0.00321
59713.60710187 0.000293 0.00321
59713.60721707 -0.004559 0.00321
59713.60733227 0.000423 0.00321
59713.60744747 -0.000180 0.00321
59713.60756267 0.002086 0.00321
59713.60767787 0.001880 0.00321
59713.60779307 -0.000349 0.00321
59713.60790827 0.000644 0.00321
59713.60802347 0.003793 0.00321
59713.60813867 0.002099 0.00321
59713.60825387 0.003734 0.00321
59713.60836907 -0.001131 0.00321
59713.60848427 0.000652 0.00321
59713.60859947 -0.000340 0.00321
59713.60871467 0.002300 0.00321
59713.60882987 0.001415 0.00321
59713.60894507 0.002653 0.00321
59713.60906027 0.003657 0.00321
59713.60917547 0.001746 0.00321
59713.60929067 0.001902 0.00321
59713.60940587 0.002366 0.00321
59713.60952107 -0.000242 0.00321
59713.60963627 0.004205 0.00321
59713.60975147 0.000759 0.00321
59713.60986667 -0.003695 0.00321
59713.60998187 0.000023 0.00321
59713.61009707 0.001653 0.00321
59713.61021227 0.000426 0.00321
59713.61032747 0.001699 0.00321
59713.61044267 0.001422 0.00321
59713.61055787 -0.001159 0.00321
59713.61067307 -0.003086 0.00321
59713.61078827 0.000364 0.00321
59713.61090347 -0.004956 0.00321
59713.61101867 -0.001012 0.00321
59713.61113387 0.001032 0.00321
59713.61124907 0.001568 0.00321
59713.61136427 0.003056 0.00321
59713.61147947 0.000639 0.00321
59713.61159467 -0.001042 0.00321
59713.61170987 0.000875 0.00321
59713.61182507 -0.003389 0.00321
59713.61194027 0.000494 0.00321
59713.61205547 0.001748 0.00321
59713.61217067 -0.000073 0.00321
59713.61228587 0.002382 0.00321
59713.61240107 0.004138 0.00321
59713.61251627 0.002350 0.00321
59713.61263147 -0.000599 0.00321
59713.61274667 -0.001247 0.00321
59713.61286187 -0.003063 0.00321
59713.61297707 -0.001270 0.00321
59713.61309227 0.001440 0.00321
59713.61320747 0.003197 0.00321
59713.61332267 0.004438 0.00321
59713.61343787 0.003472 0.00321
59713.61355307 0.002193 0.00321
59713.61366827 0.004902 0.00321
59713.61378347 0.002153 0.00321
59713.61389867 0.001789 0.00321
59713.61401387 0.001318 0.00321
59713.61412907 -0.002646 0.00321
59713.61424427 0.000165 0.00321
59713.61435947 -0.000748 0.00321
59713.61447467 -0.002159 0.00321
59713.61458987 0.001636 0.00321
59713.61470507 0.000759 0.00321
59713.61482027 0.004683 0.00321
59713.61493547 0.001248 0.00321
59713.61505067 0.000198 0.00321
59713.61516587 -0.000044 0.00321
59713.61528107 0.001947 0.00321
59713.61539627 -0.000792 0.00321
59713.61551147 0.001549 0.00321
59713.61562667 0.001221 0.00321
59713.61574187 0.003842 0.00321
59713.61585707 -0.000302 0.00321
59713.61597227 -0.000568 0.00321
59713.61608747 0.002787 0.00321
59713.61620267 0.000793 0.00321
59713.61631787 -0.002641 0.00321
59713.61643307 -0.003327 0.00321
59713.61654827 0.000088 0.00321
59713.61666347 0.000155 0.00321
59713.61677867 -0.001460 0.00321
59713.61689387 -0.003667 0.00321
59713.61700907 -0.005545 0.00321
59713.61712427 -0.002322 0.00321
59713.61723947 -0.001238 0.00321
59713.61735467 -0.004794 0.00321
59713.61746987 0.000679 0.00321
59713.61758507 -0.000424 0.00321
59713.61770027 0.001499 0.00321
59713.61781547 0.001659 0.00321
59713.61793067 0.000054 0.00321
59713.61804587 -0.000718 0.00321
59713.61816107 -0.001345 0.00321
59713.61827627 -0.001169 0.00321
59713.61839147 0.000383 0.00321
59713.61850667 -0.000977 0.00321
59713.61862187 -0.001616 0.00321
59713.61873707 0.002357 0.00321
59713.61885227 -0.002744 0.00321
59713.61896747 -0.000809 0.00321
59713.61908267 -0.002682 0.00321
59713.61919787 -0.001272 0.00321
59713.61931307 0.000384 0.00321
59713.61942827 0.004661 0.00321
59713.61954347 -0.001118 0.00321
59713.61965867 -0.002241 0.00321
59713.61988907 0.001320 0.00321
59713.62000427 0.002611 0.00321
59713.62011947 -0.000567 0.00321
59713.62023467 -0.001277 0.00321
59713.62034987 0.002416 0.00321
59713.62046507 -0.002324 0.00321
59713.62058027 0.000725 0.00321
59713.62069547 -0.002933 0.00321
59713.62081067 0.000182 0.00321
59713.62092587 0.002460 0.00321
59713.62104107 0.001199 0.00321
59713.62115627 -0.000767 0.00321
59713.62127147 0.000819 0.00321
59713.62138667 0.000199 0.00321
59713.62150187 0.001770 0.00321
59713.62161707 0.002470 0.00321
59713.62173227 0.002465 0.00321
59713.62184747 -0.000131 0.00321
59713.62196267 -0.000566 0.00321
59713.62207787 0.001592 0.00321
59713.62219307 -0.001972 0.00321
59713.62230827 0.000764 0.00321
59713.62242347 0.002669 0.00321
59713.62253867 0.003187 0.00321
59713.62265387 0.011420 0.00321
59713.62276907 0.017587 0.00321
59713.62288427 0.006807 0.00321
59713.62299947 -0.001472 0.00321
59713.62311467 -0.000227 0.00321
59713.62322987 0.000746 0.00321
59713.62334507 -0.001581 0.00321
59713.62346027 0.000815 0.00321
59713.62357547 -0.002407 0.00321
59713.62369067 -0.001618 0.00321
59713.62380587 0.000656 0.00321
59713.62392107 0.000806 0.00321
59713.62403627 -0.000229 0.00321
59713.62415147 -0.000463 0.00321
59713.62426667 -0.001374 0.00321
59713.62438187 0.000806 0.00321
59713.62449707 -0.001618 0.00321
59713.62461227 0.002720 0.00321
59713.62472747 0.003020 0.00321
59713.62484267 0.000584 0.00321
59713.62495787 0.002077 0.00321
59713.62507307 0.001339 0.00321
59713.62518827 -0.002681 0.00321
59713.62530347 -0.002016 0.00321
59713.62541867 -0.001726 0.00321
59713.62553387 0.000191 0.00321
59713.62564907 -0.000698 0.00321
59713.62576427 0.002664 0.00321
59713.62587947 -0.002698 0.00321
59713.62599467 0.000110 0.00321
59713.62610987 -0.002179 0.00321
59713.62622507 0.002248 0.00321
59713.62634027 0.002821 0.00321
59713.62645547 -0.002220 0.00321
59713.62657067 -0.002838 0.00321
59713.62668587 -0.000182 0.00321
59713.62680107 -0.002134 0.00321
59713.62691627 0.001777 0.00321
59713.62703147 0.001373 0.00321
59713.62714667 -0.000125 0.00321
59713.62726187 -0.003113 0.00321
59713.62737707 0.001428 0.00321
59713.62749227 0.001734 0.00321
59713.62760747 -0.002089 0.00321
59713.62772267 -0.002634 0.00321
59713.62783787 -0.000606 0.00321
59713.62795307 -0.001191 0.00321
59713.62806827 0.000655 0.00321
59713.62818347 -0.002034 0.00321
59713.62829867 -0.000310 0.00321
59713.62841387 -0.000292 0.00321
59713.62852907 -0.004207 0.00321
59713.62864427 -0.002855 0.00321
59713.62875947 -0.004816 0.00321
59713.62887467 -0.002717 0.00321
59713.62898987 -0.003866 0.00321
59713.62910507 -0.002537 0.00321
59713.62922027 -0.000426 0.00321
59713.62933547 -0.002017 0.00321
59713.62945067 -0.000887 0.00321
59713.62956587 -0.003029 0.00321
59713.62968107 0.002440 0.00321
59713.62979627 0.002287 0.00321
59713.62991147 0.000662 0.00321
59713.63002667 0.001194 0.00321
59713.63014187 0.001846 0.00321
59713.63025707 0.001194 0.00321
59713.63037227 0.002344 0.00321
59713.63048747 0.000777 0.00321
59713.63060267 -0.000467 0.00321
59713.63071787 -0.000088 0.00321
59713.63083307 0.000059 0.00321
59713.63094827 0.001680 0.00321
59713.63106347 -0.001479 0.00321
59713.63117867 -0.002683 0.00321
59713.63129387 0.003628 0.00321
59713.63140907 0.002798 0.00321
59713.63152427 0.003438 0.00321
59713.63163947 0.000550 0.00321
59713.63175467 0.001506 0.00321
59713.63186987 -0.002043 0.00321
59713.63198507 0.002035 0.00321
59713.63210027 0.002565 0.00321
59713.63221547 -0.001346 0.00321
59713.63233067 -0.000502 0.00321
59713.63244587 -0.000203 0.00321
59713.63256107 -0.001141 0.00321
59713.63267627 -0.000707 0.00321
59713.63279147 -0.002987 0.00321
59713.63290667 -0.000821 0.00321
59713.63302187 0.001243 0.00321
59713.63313707 0.001443 0.00321
59713.63325227 -0.003352 0.00321
59713.63336747 0.001282 0.00321
59713.63348267 -0.000978 0.00321
59713.63359787 0.001144 0.00321
59713.63371307 0.001856 0.00321
59713.63382827 -0.000742 0.00321
59713.63394347 -0.000823 0.00321
59713.63405867 0.001528 0.00321
59713.63417387 0.000135 0.00321
59713.63428907 0.001340 0.00321
59713.63440427 0.001668 0.00321
59713.63451947 -0.000464 0.00321
59713.63463467 0.000755 0.00321
59713.63474987 0.000061 0.00321
59713.63486507 -0.001917 0.00321
59713.63498027 0.000811 0.00321
59713.63509547 -0.002550 0.00321
59713.63521067 -0.001840 0.00321
59713.63532587 0.001898 0.00321
59713.63544107 0.002083 0.00321
59713.63555627 -0.000070 0.00321
59713.63567147 -0.003808 0.00321
59713.63578667 -0.003366 0.00321
59713.63590187 -0.000132 0.00321
59713.63601707 0.000625 0.00321
59713.63613227 0.000483 0.00321
59713.63624747 0.002039 0.00321
59713.63636267 0.000999 0.00321
59713.63647787 -0.000477 0.00321
59713.63659307 -0.002807 0.00321
59713.63670827 0.000370 0.00321
59713.63682347 0.003093 0.00321
59713.63693867 0.005372 0.00321
59713.63705387 0.003164 0.00321
59713.63716907 0.001281 0.00321
59713.63728427 0.001546 0.00321
59713.63739947 0.000656 0.00321
59713.63751467 0.000240 0.00321
59713.63762987 0.002393 0.00321
59713.63774507 0.000075 0.00321
59713.63786027 -0.000645 0.00321
59713.63797547 0.001645 0.00321
59713.63809067 -0.003799 0.00321
59713.63820587 0.000708 0.00321
59713.63832107 -0.003076 0.00321
59713.63843627 0.000322 0.00321
59713.63855147 0.002190 0.00321
59713.63866667 0.002352 0.00321
59713.63878187 0.003452 0.00321
59713.63889707 -0.000523 0.00321
59713.63901227 0.002814 0.00321
59713.63912747 0.004575 0.00321
59713.63924267 0.001628 0.00321
59713.63935787 0.000084 0.00321
59713.63947307 0.003086 0.00321
59713.63958827 -0.001589 0.00321
59713.63970347 0.001878 0.00321
59713.63981867 0.002411 0.00321
59713.63993387 0.002959 0.00321
59713.64004907 0.002178 0.00321
59713.64016427 0.002311 0.00321
59713.64027947 0.000164 0.00321
59713.64039467 -0.000131 0.00321
59713.64050987 -0.001444 0.00321
59713.64062507 0.002790 0.00321
59713.64074027 0.001782 0.00321
59713.64085547 0.002496 0.00321
59713.64097067 0.003078 0.00321
59713.64108587 0.001847 0.00321
59713.64120107 0.001070 0.00321
59713.64131627 0.004973 0.00321
59713.64143147 0.002448 0.00321
59713.64154667 0.006222 0.00321
59713.64166187 0.002227 0.00321
59713.64177707 0.008758 0.00321
59713.64189227 0.006545 0.00321
59713.64200747 0.008824 0.00321
59713.64212267 0.019507 0.00321
59713.64223787 0.008592 0.00321
59713.64235307 0.008604 0.00321
59713.64246827 0.013248 0.00321
59713.64258347 0.011582 0.00321
59713.64269867 0.020183 0.00321
59713.64281387 0.012470 0.00321
59713.64292907 0.012207 0.00321
59713.64304427 0.012415 0.00321
59713.64315947 0.012222 0.00321
59713.64327467 0.005248 0.00321
59713.64338987 0.005944 0.00321
59713.64350507 0.002639 0.00321
59713.64362027 0.005338 0.00321
59713.64373547 0.004215 0.00321
59713.64385067 0.000916 0.00321
59713.64396587 0.002396 0.00321
59713.64408107 0.003398 0.00321
59713.64419627 0.003034 0.00321
59713.64431147 0.002541 0.00321
59713.64442667 0.002020 0.00321
59713.64454187 0.000084 0.00321
59713.64465707 -0.000013 0.00321
59713.64477227 0.001754 0.00321
59713.64488747 0.002158 0.00321
59713.64500267 -0.000564 0.00321
59713.64511787 0.003280 0.00321
59713.64523307 0.001477 0.00321
59713.64534827 -0.000183 0.00321
59713.64546347 0.000705 0.00321
59713.64557867 0.000204 0.00321
59713.64569387 0.003426 0.00321
59713.64580907 0.002486 0.00321
59713.64592427 0.000232 0.00321
59713.64603947 0.003325 0.00321
59713.64615467 -0.002981 0.00321
59713.64626987 0.004304 0.00321
59713.64638507 -0.002840 0.00321
59713.64650027 -0.001341 0.00321
59713.64661547 0.000662 0.00321
59713.64673067 0.001529 0.00321
59713.64684587 0.001862 0.00321
59713.64696107 0.000567 0.00321
59713.64707627 -0.000070 0.00321
59713.64719147 0.000931 0.00321
59713.64730667 0.000134 0.00321
59713.64742187 0.001273 0.00321
59713.64753707 -0.000709 0.00321
59713.64765227 0.002057 0.00321
59713.64776747 -0.002125 0.00321
59713.64788267 0.003749 0.00321
59713.64799787 -0.001096 0.00321
59713.64811307 0.001198 0.00321
59713.64822827 0.000909 0.00321
59713.64834347 0.003174 0.00321
59713.64845867 0.000202 0.00321
59713.64857387 0.000728 0.00321
59713.64868907 -0.000067 0.00321
59713.64880427 0.000146 0.00321
59713.64891947 0.002483 0.00321
59713.64903467 -0.001066 0.00321
59713.64914987 -0.001990 0.00321
59713.64926507 0.001103 0.00321
59713.64938027 0.001821 0.00321
59713.64949547 -0.001994 0.00321
59713.64961067 -0.000056 0.00321
59713.64972587 0.001111 0.00321
59713.64984107 0.000396 0.00321
59713.64995627 0.000412 0.00321
59713.65007147 0.002920 0.00321
59713.65018667 0.004642 0.00321
59713.65030187 0.001855 0.00321
59713.65041707 0.001589 0.00321
59713.65053227 -0.001787 0.00321
59713.65064747 -0.000719 0.00321
59713.65076267 -0.000443 0.00321
59713.65087787 -0.000136 0.00321
59713.65099307 0.000155 0.00321
59713.65110827 -0.003896 0.00321
59713.65122347 -0.001006 0.00321
59713.65133867 -0.000003 0.00321
59713.65145387 -0.002222 0.00321
59713.65156907 0.001400 0.00321
59713.65168427 -0.002408 0.00321
59713.65179947 -0.001476 0.00321
59713.65191467 0.003252 0.00321
59713.65202987 0.001060 0.00321
59713.65214507 0.000363 0.00321
59713.65226027 -0.000202 0.00321
59713.65237547 -0.002185 0.00321
59713.65249067 0.001925 0.00321
59713.65260587 0.001568 0.00321
59713.65272107 -0.000438 0.00321
59713.65283627 0.003670 0.00321
59713.65295147 0.001333 0.00321
59713.65306667 -0.002141 0.00321
59713.65318187 -0.001228 0.00321
59713.65329707 0.003243 0.00321
59713.65341227 -0.000560 0.00321
59713.65352747 -0.000063 0.00321
59713.65364267 -0.000056 0.00321
59713.65375787 -0.001523 0.00321
59713.65387307 0.001885 0.00321
59713.65398827 0.000763 0.00321
59713.65410347 0.001361 0.00321
59713.65421867 0.000787 0.00321
59713.65433387 0.003059 0.00321
59713.65444907 0.001134 0.00321
59713.65456427 0.001341 0.00321
59713.65467947 0.003363 0.00321
59713.65479467 0.001525 0.00321
59713.65490987 0.002434 0.00321
59713.65502507 0.000923 0.00321
59713.65514027 0.002857 0.00321
59713.65525547 -0.001843 0.00321
59713.65537067 0.000793 0.00321
59713.65548587 0.000791 0.00321
59713.65560107 0.001800 0.00321
59713.65571627 -0.002470 0.00321
59713.65583147 0.000470 0.00321
59713.65594667 0.001591 0.00321
59713.65606187 0.002937 0.00321
59713.65617707 0.000319 0.00321
59713.65629227 -0.002091 0.00321
59713.65640747 -0.002361 0.00321
59713.65652267 -0.000549 0.00321
59713.65663787 -0.001282 0.00321
59713.65675307 -0.002876 0.00321
59713.65686827 0.000483 0.00321
59713.65698347 -0.000582 0.00321
59713.65709867 -0.000245 0.00321
59713.65721387 -0.000684 0.00321
59713.65732907 -0.002608 0.00321
59713.65744427 -0.002686 0.00321
59713.65755947 -0.000839 0.00321
59713.65767467 -0.001068 0.00321
59713.65778987 -0.000081 0.00321
59713.65790507 0.000865 0.00321
59713.65802027 -0.004354 0.00321
59713.65813547 -0.003143 0.00321
59713.65825067 0.002744 0.00321
59713.65836587 -0.001049 0.00321
59713.65848107 -0.002147 0.00321
59713.65859627 -0.001458 0.00321
59713.65871147 -0.002018 0.00321
59713.65882667 -0.001604 0.00321
59713.65894187 -0.002986 0.00321
59713.65905707 -0.002198 0.00321
59713.65917227 0.001785 0.00321
59713.65928747 -0.000589 0.00321
59713.65940267 0.004088 0.00321
59713.65951787 0.001179 0.00321
59713.65963307 0.000435 0.00321
59713.65974827 0.002330 0.00321
59713.65986347 0.001023 0.00321
59713.65997867 0.000943 0.00321
59713.66009387 0.000899 0.00321
59713.66020907 0.000489 0.00321
59713.66032427 0.001691 0.00321
59713.66043947 0.003075 0.00321
59713.66055467 0.001600 0.00321
59713.66066987 0.001724 0.00321
59713.66078507 0.000324 0.00321
59713.66090027 0.002037 0.00321
59713.66101547 -0.000884 0.00321
59713.66113067 0.001870 0.00321
59713.66124587 0.000654 0.00321
59713.66136107 0.002542 0.00321
59713.66147627 0.001522 0.00321
59713.66159147 0.001409 0.00321
59713.66170667 -0.003137 0.00321
59713.66182187 0.001222 0.00321
59713.66193707 0.003367 0.00321
59713.66205227 -0.001113 0.00321
59713.66216747 0.002045 0.00321
59713.66228267 -0.000078 0.00321
59713.66239787 -0.002129 0.00321
59713.66251307 0.000192 0.00321
59713.66262827 0.002740 0.00321
59713.66274347 0.002991 0.00321
59713.66285867 -0.002557 0.00321
59713.66297387 0.001844 0.00321
59713.66308907 0.001134 0.00321
59713.66320427 0.001011 0.00321
59713.66331947 0.000149 0.00321
59713.66343467 0.000640 0.00321
59713.66354987 -0.000528 0.00321
59713.66366507 0.000686 0.00321
59713.66378027 -0.000206 0.00321
59713.66389547 0.003640 0.00321
59713.66401067 0.004312 0.00321
59713.66412587 0.000509 0.00321
59713.66424107 -0.000696 0.00321
59713.66435627 0.003265 0.00321
59713.66447147 0.001871 0.00321
59713.66458667 -0.000351 0.00321
59713.66470187 0.003370 0.00321
59713.66481707 0.000011 0.00321
59713.66493227 0.001352 0.00321
59713.66504747 0.002114 0.00321
59713.66516267 0.001640 0.00321
59713.66527787 0.001102 0.00321
59713.66539307 0.002456 0.00321
59713.66550827 0.002616 0.00321
59713.66562347 0.009705 0.00321
59713.66573867 0.010609 0.00321
59713.66585387 0.007340 0.00321
59713.66596907 0.022615 0.00321
59713.66608427 0.014178 0.00321
59713.66619947 0.004621 0.00321
59713.66631467 0.000223 0.00321
59713.66642987 0.000064 0.00321
59713.66654507 0.000702 0.00321
59713.66666027 0.000921 0.00321
59713.66677547 0.001819 0.00321
59713.66689067 -0.001732 0.00321
59713.66700587 -0.002218 0.00321
59713.66712107 0.001877 0.00321
59713.66723627 0.000947 0.00321
59713.66735147 -0.002644 0.00321
59713.66746667 -0.000773 0.00321
59713.66758187 0.003536 0.00321
59713.66769707 -0.000513 0.00321
59713.66781227 -0.002987 0.00321
59713.66792747 0.001017 0.00321
59713.66804267 0.000147 0.00321
59713.66815787 0.001888 0.00321
59713.66827307 -0.000664 0.00321
59713.66838827 0.000586 0.00321
59713.66850347 -0.000522 0.00321
59713.66861867 0.003025 0.00321
59713.66873387 -0.002080 0.00321
59713.66884907 0.001357 0.00321
59713.66896427 -0.000798 0.00321
59713.66907947 0.003151 0.00321
59713.66919467 0.000400 0.00321
59713.66930987 0.005660 0.00321
59713.66942507 0.001111 0.00321
59713.66954027 0.001469 0.00321
59713.66965547 0.000825 0.00321
59713.66977067 0.003632 0.00321
59713.66988587 -0.000408 0.00321
59713.67000107 0.001924 0.00321
59713.67011627 0.006135 0.00321
59713.67023147 -0.000054 0.00321
59713.67034667 -0.000842 0.00321
59713.67046187 0.002882 0.00321
59713.67057707 0.000652 0.00321
59713.67069227 0.001241 0.00321
59713.67080747 0.001091 0.00321
59713.67092267 0.003107 0.00321
59713.67103787 -0.002273 0.00321
59713.67115307 -0.000082 0.00321
59713.67126827 0.001595 0.00321
59713.67138347 -0.003237 0.00321
59713.67149867 0.002001 0.00321
59713.67161387 -0.000905 0.00321
59713.67172907 0.001365 0.00321
59713.67184427 -0.000491 0.00321
59713.67195947 0.000271 0.00321
59713.67207467 -0.000906 0.00321
59713.67218987 0.002313 0.00321
59713.67230507 -0.000318 0.00321
59713.67242027 0.001812 0.00321
59713.67253547 -0.000160 0.00321
59713.67265067 0.000779 0.00321
59713.67276587 0.000202 0.00321
59713.67288107 0.000285 0.00321
59713.67299627 0.000331 0.00321
59713.67311147 0.001190 0.00321
59713.67322667 0.001654 0.00321
59713.67334187 0.001324 0.00321
59713.67345707 -0.003922 0.00321
59713.67357227 -0.002632 0.00321
59713.67368747 -0.003253 0.00321
59713.67380267 0.000221 0.00321
59713.67391787 0.002521 0.00321
59713.67403307 0.002175 0.00321
59713.67414827 -0.002144 0.00321
59713.67426347 -0.001454 0.00321
59713.67437867 -0.003133 0.00321
59713.67449387 -0.001854 0.00321
59713.67460907 0.001264 0.00321
59713.67472427 0.000872 0.00321
59713.67483947 -0.000651 0.00321
59713.67495467 -0.000389 0.00321
59713.67506987 -0.000550 0.00321
59713.67518507 0.004068 0.00321
59713.67530027 -0.000658 0.00321
59713.67541547 0.002729 0.00321
59713.67553067 -0.000932 0.00321
59713.67564587 -0.000263 0.00321
59713.67576107 0.002082 0.00321
59713.67587627 -0.000935 0.00321
59713.67599147 0.003296 0.00321
59713.67610667 -0.001639 0.00321
59713.67622187 0.000179 0.00321
59713.67633707 0.002745 0.00321
59713.67645227 0.004055 0.00321
59713.67656747 -0.000975 0.00321
59713.67668267 -0.000429 0.00321
59713.67679787 -0.000021 0.00321
59713.67691307 0.005663 0.00321
59713.67702827 0.000081 0.00321
59713.67714347 -0.000885 0.00321
59713.67725867 -0.001942 0.00321
59713.67737387 0.000878 0.00321
59713.67748907 -0.002146 0.00321
59713.67760427 0.002832 0.00321
59713.67771947 0.004333 0.00321
59713.67783467 0.000967 0.00321
59713.67794987 0.001393 0.00321
59713.67806507 0.002037 0.00321
59713.67818027 0.003903 0.00321
59713.67829547 0.003950 0.00321
59713.67841067 0.000552 0.00321
59713.67852587 -0.000087 0.00321
59713.67864107 -0.003049 0.00321
59713.67875627 -0.001733 0.00321
59713.67887147 -0.001292 0.00321
59713.67898667 0.004950 0.00321
59713.67910187 0.000337 0.00321
59713.67921707 0.001273 0.00321
59713.67933227 0.000233 0.00321
59713.67944747 -0.002420 0.00321
59713.67956267 -0.000077 0.00321
59713.67967787 -0.002005 0.00321
59713.67979307 0.002497 0.00321
59713.67990827 -0.003363 0.00321
59713.68002347 0.002688 0.00321
59713.68013867 -0.000308 0.00321
59713.68025387 0.004886 0.00321
59713.68036907 0.001884 0.00321
59713.68048427 -0.001983 0.00321
59713.68059947 -0.001500 0.00321
59713.68071467 -0.002667 0.00321
59713.68082987 0.000864 0.00321
59713.68094507 -0.000096 0.00321
59713.68106027 -0.002493 0.00321
59713.68117547 0.000912 0.00321
59713.68129067 0.003432 0.00321
59713.68140587 -0.001624 0.00321
59713.68152107 -0.001206 0.00321
59713.68163627 0.000700 0.00321
59713.68175147 0.001219 0.00321
59713.68186667 -0.001491 0.00321
59713.68198187 0.000011 0.00321
59713.68209707 -0.000297 0.00321
59713.68221227 0.000056 0.00321
59713.68232747 0.000168 0.00321
59713.68244267 0.000405 0.00321
59713.68255787 0.001921 0.00321
59713.68267307 0.001441 0.00321
59713.68278827 -0.002182 0.00321
59713.68290347 0.000543 0.00321
59713.68301867 0.002660 0.00321
59713.68313387 0.000025 0.00321
59713.68324907 0.002656 0.00321
59713.68336427 -0.000528 0.00321
59713.68347947 0.003772 0.00321
59713.68359467 -0.000791 0.00321
59713.68370987 0.001316 0.00321
59713.68382507 0.001457 0.00321
59713.68394027 0.000873 0.00321
59713.68405547 -0.000170 0.00321
59713.68417067 0.004591 0.00321
59713.68428587 0.003382 0.00321
59713.68440107 0.003343 0.00321
59713.68451627 0.003391 0.00321
59713.68463147 0.002375 0.00321
59713.68474667 0.004703 0.00321
59713.68486187 0.006260 0.00321
59713.68497707 0.008447 0.00321
59713.68509227 0.004761 0.00321
59713.68520747 0.007876 0.00321
59713.68532267 0.012077 0.00321
59713.68543787 0.010147 0.00321
59713.68555307 0.025303 0.00321
59713.68566827 0.007244 0.00321
59713.68578347 0.007761 0.00321
59713.68589867 0.009426 0.00321
59713.68601387 0.007157 0.00321
59713.68612907 0.006366 0.00321
59713.68624427 0.006137 0.00321
59713.68635947 0.007060 0.00321
59713.68647467 0.008353 0.00321
59713.68658987 0.002549 0.00321
59713.68670507 0.005525 0.00321
59713.68682027 0.004916 0.00321
59713.68693547 0.001474 0.00321
59713.68705067 -0.001640 0.00321
59713.68716587 -0.002024 0.00321
59713.68728107 0.003551 0.00321
59713.68739627 -0.000218 0.00321
59713.68751147 0.002393 0.00321
59713.68762667 -0.003380 0.00321
59713.68774187 0.001137 0.00321
59713.68785707 0.000590 0.00321
59713.68797227 0.000973 0.00321
59713.68808747 -0.001611 0.00321
59713.68820267 0.000632 0.00321
59713.68831787 0.000023 0.00321
59713.68843307 0.001379 0.00321
59713.68854827 -0.002679 0.00321
59713.68866347 -0.001247 0.00321
59713.68877867 -0.000699 0.00321
59713.68889387 -0.001265 0.00321
59713.68900907 -0.000231 0.00321
59713.68912427 -0.005791 0.00321
59713.68923947 0.001336 0.00321
59713.68935467 -0.002254 0.00321
59713.68946987 -0.002360 0.00321
59713.68958507 -0.001809 0.00321
59713.68970027 0.000790 0.00321
59713.68981547 -0.000982 0.00321
59713.68993067 -0.000153 0.00321
59713.69004587 -0.003232 0.00321
59713.69016107 -0.000854 0.00321
59713.69027627 -0.001012 0.00321
59713.69039147 0.000353 0.00321
59713.69050667 -0.001453 0.00321
59713.69062187 -0.000262 0.00321
59713.69073707 -0.000512 0.00321
59713.69085227 0.001506 0.00321
59713.69096747 0.004188 0.00321
59713.69108267 -0.000317 0.00321
59713.69119787 -0.000897 0.00321
59713.69131307 0.001611 0.00321
59713.69142827 -0.000146 0.00321
59713.69154347 -0.002069 0.00321
59713.69165867 0.001445 0.00321
59713.69177387 -0.001392 0.00321
59713.69188907 0.000824 0.00321
59713.69200427 -0.001690 0.00321
59713.69211947 0.001368 0.00321
59713.69223467 -0.000208 0.00321
59713.69234987 0.000394 0.00321
59713.69246507 -0.002792 0.00321
59713.69258027 -0.000795 0.00321
59713.69269547 -0.000246 0.00321
59713.69281067 -0.001205 0.00321
59713.69292587 0.003904 0.00321
59713.69304107 0.000934 0.00321
59713.69315627 -0.000569 0.00321
59713.69327147 0.002260 0.00321
59713.69338667 -0.000289 0.00321
59713.69350187 0.001129 0.00321
59713.69361707 0.002651 0.00321
59713.69373227 0.001073 0.00321
59713.69384747 0.001676 0.00321
59713.69396267 -0.001139 0.00321
59713.69407787 -0.001744 0.00321
59713.69419307 -0.002123 0.00321
59713.69430827 0.001366 0.00321
59713.69442347 0.003272 0.00321
59713.69453867 0.002909 0.00321
59713.69465387 0.003864 0.00321
59713.69476907 -0.002690 0.00321
59713.69488427 0.000238 0.00321
59713.69499947 0.002565 0.00321
59713.69511467 -0.000382 0.00321
59713.69522987 0.000341 0.00321
59713.69534507 0.000698 0.00321
59713.69546027 0.001261 0.00321
59713.69557547 0.001292 0.00321
59713.69569067 0.001302 0.00321
59713.69580587 -0.000354 0.00321
59713.69592107 0.002071 0.00321
59713.69603627 -0.002501 0.00321
59713.69615147 -0.003209 0.00321
59713.69626667 -0.000044 0.00321
59713.69638187 -0.001733 0.00321
59713.69649707 0.001907 0.00321
59713.69661227 0.000103 0.00321
59713.69672747 0.002394 0.00321
59713.69684267 0.000120 0.00321
59713.69695787 -0.001374 0.00321
59713.69707307 -0.001656 0.00321
59713.69718827 -0.002497 0.00321
59713.69730347 0.002441 0.00321
59713.69741867 0.002931 0.00321
59713.69753387 -0.000082 0.00321
59713.69764907 0.001894 0.00321
59713.69776427 0.002528 0.00321
59713.69787947 -0.001815 0.00321
59713.69799467 0.001593 0.00321
59713.69810987 0.004894 0.00321
59713.69822507 -0.001484 0.00321
59713.69834027 0.000138 0.00321
59713.69845547 -0.001656 0.00321
59713.69857067 -0.001206 0.00321
59713.69868587 -0.000348 0.00321
59713.69880107 -0.002057 0.00321
59713.69891627 -0.002989 0.00321
59713.69903147 -0.000104 0.00321
59713.69914667 -0.001312 0.00321
59713.69926187 0.002758 0.00321
59713.69937707 0.001231 0.00321
59713.69949227 0.003931 0.00321
59713.69960747 -0.002000 0.00321
59713.69972267 -0.001199 0.00321
59713.69983787 0.000863 0.00321
59713.69995307 0.002447 0.00321
59713.70006827 0.001126 0.00321
59713.70018347 -0.001595 0.00321
59713.70029867 -0.001586 0.00321
59713.70041387 -0.002393 0.00321
59713.70052907 0.002889 0.00321
59713.70064427 -0.001185 0.00321
59713.70075947 0.000497 0.00321
59713.70087467 -0.002422 0.00321
59713.70098987 0.001511 0.00321
59713.70110507 -0.002789 0.00321
59713.70122027 -0.002725 0.00321
59713.70133547 -0.002460 0.00321
59713.70145067 -0.001041 0.00321
59713.70156587 -0.002194 0.00321
59713.70168107 0.001886 0.00321
59713.70179627 -0.000008 0.00321
59713.70191147 -0.000576 0.00321
59713.70202667 -0.000171 0.00321
59713.70214187 -0.000839 0.00321
59713.70225707 -0.002212 0.00321
59713.70237227 -0.000246 0.00321
59713.70248747 0.001753 0.00321
59713.70260267 0.000438 0.00321
59713.70271787 0.000686 0.00321
59713.70283307 -0.000423 0.00321
59713.70294827 -0.000714 0.00321
59713.70306347 -0.001327 0.00321
59713.70317867 -0.002620 0.00321
59713.70329387 -0.001059 0.00321
59713.70340907 0.002210 0.00321
59713.70352427 -0.000997 0.00321
59713.70363947 0.000741 0.00321
59713.70375467 -0.002202 0.00321
59713.70386987 -0.000599 0.00321
59713.70398507 0.000560 0.00321
59713.70410027 0.000143 0.00321
59713.70421547 0.002169 0.00321
59713.70433067 0.005127 0.00321
59713.70444587 -0.002910 0.00321
59713.70456107 -0.000143 0.00321
59713.70467627 -0.000058 0.00321
59713.70479147 -0.002516 0.00321
59713.70490667 0.002832 0.00321
59713.70502187 -0.000246 0.00321
59713.70513707 -0.000751 0.00321
59713.70525227 -0.000296 0.00321
59713.70536747 -0.000935 0.00321
59713.70548267 0.000569 0.00321
59713.70559787 0.001686 0.00321
59713.70571307 -0.000533 0.00321
59713.70582827 -0.003435 0.00321
59713.70594347 -0.000950 0.00321
59713.70605867 -0.000179 0.00321
59713.70617387 -0.001274 0.00321
59713.70628907 0.000892 0.00321
59713.70640427 0.001230 0.00321
59713.70651947 0.000884 0.00321
59713.70663467 0.003616 0.00321
59713.70674987 0.002343 0.00321
59713.70686507 -0.000405 0.00321
59713.70698027 0.002606 0.00321
59713.70709547 -0.000324 0.00321
59713.70721067 -0.000849 0.00321
59713.70732587 -0.002133 0.00321
59713.70744107 0.000076 0.00321
59713.70755627 -0.001173 0.00321
59713.70767147 0.001168 0.00321
59713.70778667 -0.000724 0.00321
59713.70790187 -0.000926 0.00321
59713.70801707 0.002277 0.00321
59713.70813227 -0.002506 0.00321
59713.70824747 -0.000130 0.00321
59713.70836267 0.002946 0.00321
59713.70847787 -0.001779 0.00321
59713.70859307 0.000414 0.00321
59713.70870827 -0.001511 0.00321
59713.70882347 0.001724 0.00321
59713.70893867 0.000452 0.00321
59713.70905387 0.005445 0.00321
59713.70916907 0.013060 0.00321
59713.70928427 0.007638 0.00321
59713.70939947 0.002584 0.00321
59713.70951467 0.003792 0.00321
59713.70962987 -0.000974 0.00321
59713.70974507 0.000465 0.00321
59713.70986027 0.000117 0.00321
59713.70997547 0.000777 0.00321
59713.71009067 0.001991 0.00321
59713.71020587 0.000343 0.00321
59713.71032107 0.000813 0.00321
59713.71043627 0.002170 0.00321
59713.71055147 0.002355 0.00321
59713.71066667 0.001647 0.00321
59713.71078187 0.000618 0.00321
59713.71089707 -0.001336 0.00321
59713.71101227 -0.001015 0.00321
59713.71112747 -0.002616 0.00321
59713.71124267 -0.000750 0.00321
59713.71135787 0.002201 0.00321
59713.71147307 0.001862 0.00321
59713.71158827 -0.001503 0.00321
59713.71170347 0.002069 0.00321
59713.71181867 0.001848 0.00321
59713.71193387 0.001600 0.00321
59713.71204907 0.003127 0.00321
59713.71216427 0.004154 0.00321
59713.71227947 -0.000755 0.00321
59713.71239467 0.001803 0.00321
59713.71250987 -0.000104 0.00321
59713.71262507 0.000998 0.00321
59713.71274027 -0.003806 0.00321
59713.71285547 0.001099 0.00321
59713.71297067 0.002116 0.00321
59713.71308587 0.002705 0.00321
59713.71320107 -0.001095 0.00321
59713.71331627 0.002458 0.00321
59713.71343147 -0.000463 0.00321
59713.71354667 0.002568 0.00321
59713.71366187 0.002254 0.00321
59713.71377707 0.000965 0.00321
59713.71389227 0.001668 0.00321
59713.71400747 0.001595 0.00321
59713.71412267 0.003045 0.00321
59713.71423787 0.001360 0.00321
59713.71435307 -0.000872 0.00321
59713.71446827 -0.000005 0.00321
59713.71458347 0.003259 0.00321
59713.71469867 0.000956 0.00321
59713.71481387 -0.002590 0.00321
59713.71492907 0.000591 0.00321
59713.71504427 -0.001234 0.00321
59713.71515947 -0.000127 0.00321
59713.71527467 -0.001930 0.00321
59713.71538987 -0.001663 0.00321
59713.71550507 0.000857 0.00321
59713.71562027 0.000487 0.00321
59713.71573547 -0.000699 0.00321
59713.71585067 -0.001177 0.00321
59713.71596587 0.002745 0.00321
59713.71608107 0.003229 0.00321
59713.71619627 0.002164 0.00321
59713.71631147 -0.001027 0.00321
59713.71642667 0.001166 0.00321
59713.71654187 -0.000874 0.00321
59713.71665707 -0.000147 0.00321
59713.71677227 0.002268 0.00321
59713.71688747 -0.000358 0.00321
59713.71700267 0.000324 0.00321
59713.71711787 -0.000170 0.00321
59713.71723307 0.000564 0.00321
59713.71734827 -0.002300 0.00321
59713.71746347 0.000294 0.00321
59713.71757867 -0.002415 0.00321
59713.71769387 0.000461 0.00321
59713.71780907 -0.001093 0.00321
59713.71792427 0.000009 0.00321
59713.71803947 0.001430 0.00321
59713.71815467 0.000129 0.00321
59713.71826987 -0.001307 0.00321
59713.71838507 -0.002488 0.00321
59713.71850027 0.000677 0.00321
59713.71861547 0.003054 0.00321
59713.71873067 0.002146 0.00321
59713.71884587 -0.000799 0.00321
59713.71896107 0.000838 0.00321
59713.71907627 0.001772 0.00321
59713.71919147 0.000999 0.00321
59713.71930667 0.000094 0.00321
59713.71942187 0.003761 0.00321
59713.71953707 -0.000570 0.00321
59713.71965227 0.002093 0.00321
59713.71976747 -0.000174 0.00321
59713.71988267 -0.001389 0.00321
59713.71999787 0.000753 0.00321
59713.72011307 0.000952 0.00321
59713.72022827 0.003188 0.00321
59713.72034347 0.000547 0.00321
59713.72045867 0.001850 0.00321
59713.72057387 0.002058 0.00321
59713.72068907 0.003113 0.00321
59713.72080427 0.002091 0.00321
59713.72091947 -0.000177 0.00321
59713.72103467 -0.003272 0.00321
59713.72114987 -0.004111 0.00321
59713.72126507 -0.001851 0.00321
59713.72138027 0.001254 0.00321
59713.72149547 -0.000999 0.00321
59713.72161067 -0.001942 0.00321
59713.72172587 0.000275 0.00321
59713.72184107 -0.000193 0.00321
59713.72195627 -0.001600 0.00321
59713.72207147 -0.000733 0.00321
59713.72218667 0.001459 0.00321
59713.72230187 -0.001773 0.00321
59713.72241707 -0.001268 0.00321
59713.72253227 -0.002309 0.00321
59713.72264747 -0.001846 0.00321
59713.72276267 -0.000691 0.00321
59713.72287787 0.000138 0.00321
59713.72299307 -0.003330 0.00321
59713.72310827 -0.002941 0.00321
59713.72322347 0.000590 0.00321
59713.72333867 0.000094 0.00321
59713.72345387 0.001257 0.00321
59713.72356907 -0.001073 0.00321
59713.72368427 -0.003258 0.00321
59713.72379947 -0.001996 0.00321
59713.72391467 0.000108 0.00321
59713.72402987 -0.000474 0.00321
59713.72414507 0.000409 0.00321
59713.72426027 0.000969 0.00321
59713.72437547 0.000053 0.00321
59713.72449067 0.000833 0.00321
59713.72460587 -0.002441 0.00321
59713.72472107 0.001519 0.00321
59713.72483627 -0.000016 0.00321
59713.72495147 -0.002406 0.00321
59713.72506667 0.002611 0.00321
59713.72518187 0.003298 0.00321
59713.72529707 -0.002118 0.00321
59713.72541227 -0.001790 0.00321
59713.72552747 0.001203 0.00321
59713.72564267 0.000904 0.00321
59713.72575787 -0.000030 0.00321
59713.72587307 0.001865 0.00321
59713.72598827 0.003868 0.00321
59713.72610347 -0.000579 0.00321
59713.72621867 -0.002327 0.00321
59713.72633387 0.001810 0.00321
59713.72644907 -0.000260 0.00321
59713.72656427 -0.002270 0.00321
59713.72667947 0.001533 0.00321
59713.72679467 0.000824 0.00321
59713.72690987 0.000018 0.00321
59713.72702507 -0.001509 0.00321
59713.72714027 0.000091 0.00321
59713.72725547 -0.001768 0.00321
59713.72737067 0.000145 0.00321
59713.72748587 0.000619 0.00321
59713.72760107 0.001489 0.00321
59713.72771627 -0.000803 0.00321
59713.72783147 -0.000490 0.00321
59713.72794667 -0.000183 0.00321
59713.72806187 -0.003459 0.00321
59713.72817707 0.000875 0.00321
59713.72829227 -0.001977 0.00321
59713.72840747 -0.000428 0.00321
59713.72852267 -0.003691 0.00321
59713.72863787 0.003068 0.00321
59713.72875307 0.002026 0.00321
59713.72886827 -0.001503 0.00321
59713.72898347 -0.001091 0.00321
59713.72909867 -0.000234 0.00321
59713.72921387 -0.003528 0.00321
59713.72932907 0.003306 0.00321
59713.72944427 0.004278 0.00321
59713.72955947 0.005649 0.00321
59713.72967467 -0.000013 0.00321
59713.72978987 -0.004226 0.00321
59713.72990507 0.001633 0.00321
59713.73002027 -0.000751 0.00321
59713.73013547 0.000577 0.00321
59713.73025067 0.000720 0.00321
59713.73036587 -0.001599 0.00321
59713.73048107 0.001193 0.00321
59713.73059627 0.001651 0.00321
59713.73071147 -0.000713 0.00321
59713.73082667 0.000680 0.00321
59713.73094187 -0.000630 0.00321
59713.73105707 -0.000732 0.00321
59713.73117227 -0.001915 0.00321
59713.73128747 0.001992 0.00321
59713.73140267 0.000451 0.00321
59713.73151787 -0.001447 0.00321
59713.73163307 -0.000976 0.00321
59713.73174827 -0.003550 0.00321
59713.73186347 0.002088 0.00321
59713.73197867 -0.000114 0.00321
59713.73209387 -0.002767 0.00321
59713.73220907 -0.000609 0.00321
59713.73232427 -0.000311 0.00321
59713.73243947 -0.002610 0.00321
59713.73255467 0.002475 0.00321
59713.73266987 0.001102 0.00321
59713.73278507 -0.000671 0.00321
59713.73290027 0.000446 0.00321
59713.73301547 -0.000775 0.00321
59713.73313067 -0.000691 0.00321
59713.73324587 -0.002457 0.00321
59713.73336107 0.001171 0.00321
59713.73347627 0.000820 0.00321
59713.73359147 -0.001681 0.00321
59713.73370667 -0.000772 0.00321
59713.73382187 -0.001470 0.00321
59713.73393707 -0.002712 0.00321
59713.73405227 -0.001489 0.00321
59713.73416747 -0.001756 0.00321
59713.73428267 -0.000857 0.00321
59713.73439787 0.001312 0.00321
59713.73451307 -0.000439 0.00321
59713.73462827 -0.000750 0.00321
59713.73474347 0.000382 0.00321
59713.73485867 -0.000612 0.00321
59713.73497387 0.001209 0.00321
59713.73508907 -0.002720 0.00321
59713.73520427 0.001560 0.00321
59713.73531947 0.000088 0.00321
59713.73543467 0.000557 0.00321
59713.73554987 0.000843 0.00321
59713.73566507 0.001995 0.00321
59713.73578027 0.004534 0.00321
59713.73589547 0.001510 0.00321
59713.73601067 -0.000906 0.00321
59713.73612587 0.002108 0.00321
59713.73624107 0.002283 0.00321
59713.73635627 0.002144 0.00321
59713.73647147 -0.001100 0.00321
59713.73658667 -0.000336 0.00321
59713.73670187 0.002260 0.00321
59713.73681707 0.000508 0.00321
59713.73693227 -0.000741 0.00321
59713.73704747 -0.003797 0.00321
59713.73716267 0.000874 0.00321
59713.73727787 -0.000279 0.00321
59713.73739307 -0.004223 0.00321
59713.73750827 0.000256 0.00321
59713.73762347 0.002090 0.00321
59713.73773867 -0.001000 0.00321
59713.73785387 -0.003111 0.00321
59713.73796907 -0.000934 0.00321
59713.73808427 0.001191 0.00321
59713.73819947 0.000750 0.00321
59713.73831467 -0.000043 0.00321
59713.73842987 0.001144 0.00321
59713.73854507 -0.000461 0.00321
59713.73866027 -0.000653 0.00321
59713.73877547 -0.001431 0.00321
59713.73889067 0.000974 0.00321
59713.73900587 0.000947 0.00321
59713.73912107 0.002126 0.00321
59713.73923627 0.003350 0.00321
59713.73935147 0.003401 0.00321
59713.73946667 -0.004021 0.00321
59713.73958187 0.001560 0.00321
59713.73969707 -0.003870 0.00321
59713.73981227 -0.001723 0.00321
59713.73992747 -0.000357 0.00321
59713.74004267 0.003204 0.00321
59713.74015787 -0.000032 0.00321
59713.74027307 -0.001922 0.00321
59713.74038827 0.000619 0.00321
59713.74050347 -0.000385 0.00321
59713.74061867 0.000772 0.00321
59713.74073387 0.005292 0.00321
59713.74084907 0.001497 0.00321
59713.74096427 -0.001251 0.00321
59713.74107947 -0.003199 0.00321
59713.74119467 -0.000487 0.00321
59713.74130987 -0.000131 0.00321
59713.74142507 -0.002541 0.00321
59713.74154027 -0.000563 0.00321
59713.74165547 -0.000022 0.00321
59713.74177067 0.000128 0.00321
59713.74188587 -0.001574 0.00321
59713.74200107 -0.000323 0.00321
59713.74211627 0.001959 0.00321
59713.74223147 -0.002199 0.00321
59713.74234667 -0.000981 0.00321
59713.74246187 -0.002953 0.00321
59713.74257707 0.003388 0.00321
59713.74269227 -0.001831 0.00321
59713.74280747 -0.001402 0.00321
59713.74292267 0.002103 0.00321
59713.74303787 0.002214 0.00321
59713.74315307 -0.001041 0.00321
59713.74326827 -0.002500 0.00321
59713.74338347 0.001838 0.00321
59713.74349867 -0.001044 0.00321
59713.74361387 0.003024 0.00321
59713.74372907 0.001758 0.00321
59713.74384427 0.001289 0.00321
59713.74395947 -0.000007 0.00321
59713.74407467 -0.001350 0.00321
59713.74418987 -0.001562 0.00321
59713.74430507 0.001584 0.00321
59713.74442027 -0.004209 0.00321
59713.74453547 -0.000156 0.00321
59713.74465067 -0.000662 0.00321
59713.74476587 0.002314 0.00321
59713.74488107 -0.000221 0.00321
59713.74499627 0.000548 0.00321
59713.74511147 0.000064 0.00321
59713.74522667 -0.000852 0.00321
59713.74534187 -0.000032 0.00321
59713.74545707 0.001607 0.00321
59713.74557227 0.002294 0.00321
59713.74568747 -0.000085 0.00321
59713.74580267 0.003022 0.00321
59713.74591787 0.000454 0.00321
59713.74603307 0.000570 0.00321
59713.74614827 0.001274 0.00321
59713.74626347 0.002098 0.00321
59713.74637867 -0.000059 0.00321
59713.74649387 0.001510 0.00321
59713.74660907 -0.000341 0.00321
59713.74672427 -0.001163 0.00321
59713.74683947 0.002127 0.00321
59713.74695467 0.001927 0.00321
59713.74706987 0.000607 0.00321
59713.74718507 -0.001020 0.00321
59713.74730027 -0.002286 0.00321
59713.74741547 -0.000908 0.00321
59713.74753067 0.001123 0.00321
59713.74764587 -0.000903 0.00321
59713.74776107 -0.000874 0.00321
59713.74787627 0.000819 0.00321
59713.74799147 -0.001465 0.00321
59713.74810667 -0.000489 0.00321
59713.74822187 -0.000234 0.00321
59713.74833707 0.002315 0.00321
59713.74845227 0.003219 0.00321
59713.74856747 0.001794 0.00321
59713.74868267 0.001178 0.00321
59713.74879787 0.001689 0.00321
59713.74891307 0.001154 0.00321
59713.74902827 -0.001250 0.00321
59713.74914347 0.001054 0.00321
59713.74925867 0.002418 0.00321
59713.74937387 0.005695 0.00321
59713.74948907 -0.000981 0.00321
59713.74960427 -0.000009 0.00321
59713.74971947 -0.000080 0.00321
59713.74983467 -0.001306 0.00321
59713.74994987 -0.000072 0.00321
59713.75006507 -0.000299 0.00321
59713.75018027 0.001928 0.00321
59713.75029547 -0.000415 0.00321
59713.75041067 -0.001143 0.00321
59713.75052587 0.001275 0.00321
59713.75064107 -0.001226 0.00321
59713.75075627 -0.000913 0.00321
59713.75087147 0.000923 0.00321
59713.75098667 0.002830 0.00321
59713.75110187 0.001088 0.00321
59713.75121707 0.002091 0.00321
59713.75133227 0.000423 0.00321
59713.75144747 0.004051 0.00321
59713.75156267 -0.000256 0.00321
59713.75167787 0.001228 0.00321
59713.75179307 0.003837 0.00321
59713.75190827 0.004901 0.00321
59713.75202347 0.001783 0.00321
59713.75213867 0.004409 0.00321
59713.75225387 0.033974 0.00321
59713.75236907 0.014268 0.00321
59713.75248427 0.017294 0.00321
59713.75259947 0.003970 0.00321
59713.75271467 0.003995 0.00321
59713.75282987 -0.001984 0.00321
59713.75294507 0.000641 0.00321
59713.75306027 -0.004085 0.00321
59713.75317547 0.001716 0.00321
59713.75329067 -0.000079 0.00321
59713.75340587 0.000274 0.00321
59713.75352107 0.002015 0.00321
59713.75363627 0.000166 0.00321
59713.75375147 0.001612 0.00321
59713.75386667 -0.002691 0.00321
59713.75398187 0.000199 0.00321
59713.75409707 -0.001977 0.00321
59713.75421227 -0.000078 0.00321
59713.75432747 -0.000718 0.00321
59713.75444267 -0.000988 0.00321
59713.75455787 -0.000973 0.00321
59713.75467307 -0.000738 0.00321
59713.75478827 0.002247 0.00321
59713.75490347 0.003315 0.00321
59713.75501867 -0.000188 0.00321
59713.75513387 0.000620 0.00321
59713.75524907 0.001238 0.00321
59713.75536427 0.001043 0.00321
59713.75547947 -0.000511 0.00321
59713.75559467 0.000382 0.00321
59713.75570987 -0.000953 0.00321
59713.75582507 -0.003012 0.00321
59713.75594027 0.001899 0.00321
59713.75605547 -0.001054 0.00321
59713.75617067 0.002873 0.00321
59713.75628587 0.000774 0.00321
59713.75640107 0.000795 0.00321
59713.75651627 0.000392 0.00321
59713.75663147 -0.001010 0.00321
59713.75674667 -0.002573 0.00321
59713.75686187 0.001347 0.00321
59713.75697707 0.000631 0.00321
59713.75709227 -0.001844 0.00321
59713.75720747 -0.000572 0.00321
59713.75732267 -0.002326 0.00321
59713.75743787 0.002342 0.00321
59713.75755307 -0.001071 0.00321
59713.75766827 -0.002229 0.00321
59713.75778347 0.000110 0.00321
59713.75789867 -0.001847 0.00321
59713.75801387 0.000231 0.00321
59713.75812907 -0.000951 0.00321
59713.75824427 -0.000595 0.00321
59713.75835947 0.000993 0.00321
59713.75847467 0.000475 0.00321
59713.75858987 -0.000686 0.00321
59713.75870507 -0.001088 0.00321
59713.75882027 -0.000936 0.00321
59713.75893547 -0.000282 0.00321
59713.75905067 0.000611 0.00321
59713.75916587 -0.001785 0.00321
59713.75928107 0.000296 0.00321
59713.75939627 -0.001949 0.00321
59713.75951147 -0.001475 0.00321
59713.75962667 -0.000052 0.00321
59713.75974187 -0.001343 0.00321
59713.75985707 0.002330 0.00321
59713.75997227 -0.002578 0.00321
59713.76008747 0.000191 0.00321
59713.76020267 -0.002253 0.00321
59713.76031787 -0.003523 0.00321
59713.76043307 -0.001909 0.00321
59713.76054827 0.000440 0.00321
59713.76066347 -0.002888 0.00321
59713.76077867 -0.001984 0.00321
59713.76089387 0.003732 0.00321
59713.76100907 0.000797 0.00321
59713.76112427 -0.001279 0.00321
59713.76123947 -0.000591 0.00321
59713.76135467 -0.000644 0.00321
59713.76146987 -0.004439 0.00321
59713.76158507 0.000393 0.00321
59713.76170027 -0.001118 0.00321
59713.76181547 -0.001258 0.00321
59713.76193067 0.003918 0.00321
59713.76204587 -0.001804 0.00321
59713.76216107 -0.000666 0.00321
59713.76227627 0.002277 0.00321
59713.76239147 0.000732 0.00321
59713.76250667 0.002467 0.00321
59713.76262187 0.000815 0.00321
59713.76273707 0.001478 0.00321
59713.76285227 0.000766 0.00321
59713.76296747 0.000789 0.00321
59713.76308267 0.004601 0.00321
59713.76319787 0.002398 0.00321
59713.76331307 0.001764 0.00321
59713.76342827 0.002141 0.00321
59713.76354347 -0.000059 0.00321
59713.76365867 0.000142 0.00321
59713.76377387 0.001382 0.00321
59713.76388907 0.003855 0.00321
59713.76400427 0.003274 0.00321
59713.76411947 0.001388 0.00321
59713.76423467 0.000725 0.00321
59713.76434987 0.000093 0.00321
59713.76446507 -0.000075 0.00321
59713.76458027 0.001868 0.00321
59713.76469547 -0.000384 0.00321
59713.76481067 0.000222 0.00321
59713.76492587 0.001085 0.00321
59713.76504107 -0.002640 0.00321
59713.76515627 -0.002366 0.00321
59713.76527147 -0.001238 0.00321
59713.76538667 -0.000557 0.00321
59713.76550187 0.000343 0.00321
59713.76561707 -0.001012 0.00321
59713.76573227 -0.001400 0.00321
59713.76584747 0.000071 0.00321
59713.76596267 0.003646 0.00321
59713.76607787 -0.000268 0.00321
59713.76619307 0.001094 0.00321
59713.76630827 0.000921 0.00321
59713.76642347 0.002785 0.00321
59713.76653867 0.000199 0.00321
59713.76665387 -0.000321 0.00321
59713.76676907 0.000950 0.00321
59713.76688427 0.000410 0.00321
59713.76699947 0.002299 0.00321
59713.76711467 0.000954 0.00321
59713.76722987 -0.000607 0.00321
59713.76734507 -0.000109 0.00321
59713.76746027 -0.001101 0.00321
59713.76757547 0.000225 0.00321
59713.76769067 0.002989 0.00321
59713.76780587 -0.001799 0.00321
59713.76792107 -0.002878 0.00321
59713.76803627 0.000923 0.00321
59713.76815147 0.000919 0.00321
59713.76826667 0.003170 0.00321
59713.76838187 -0.000492 0.00321
59713.76849707 0.001695 0.00321
59713.76861227 0.000974 0.00321
59713.76872747 0.003079 0.00321
59713.76884267 0.006308 0.00321
59713.76895787 0.001993 0.00321
59713.76907307 0.002659 0.00321
59713.76918827 0.001841 0.00321
59713.76930347 0.003370 0.00321
59713.76941867 0.003769 0.00321
59713.76953387 0.002564 0.00321
59713.76964907 0.005567 0.00321
59713.76976427 0.002266 0.00321
59713.76987947 0.000744 0.00321
59713.76999467 0.000824 0.00321
59713.77010987 0.005170 0.00321
59713.77022507 0.000156 0.00321
59713.77034027 0.006862 0.00321
59713.77045547 0.001173 0.00321
59713.77057067 0.002928 0.00321
59713.77068587 0.002452 0.00321
59713.77080107 0.004695 0.00321
59713.77091627 0.004526 0.00321
59713.77103147 0.001872 0.00321
59713.77114667 0.006824 0.00321
59713.77126187 0.008843 0.00321
59713.77137707 0.009187 0.00321
59713.77149227 0.005900 0.00321
59713.77160747 0.009884 0.00321
59713.77172267 0.011494 0.00321
59713.77183787 0.014619 0.00321
59713.77195307 0.009309 0.00321
59713.77206827 0.011451 0.00321
59713.77218347 0.015853 0.00321
59713.77229867 0.007682 0.00321
59713.77241387 0.006416 0.00321
59713.77252907 0.008692 0.00321
59713.77264427 0.003377 0.00321
59713.77275947 0.003965 0.00321
59713.77287467 0.009764 0.00321
59713.77298987 0.003819 0.00321
59713.77310507 0.004820 0.00321
59713.77322027 0.006859 0.00321
59713.77333547 0.001374 0.00321
59713.77345067 0.002560 0.00321
59713.77356587 0.000849 0.00321
59713.77368107 0.005715 0.00321
59713.77379627 0.001789 0.00321
59713.77391147 0.004084 0.00321
59713.77402667 0.002962 0.00321
59713.77414187 0.005303 0.00321
59713.77425707 0.005909 0.00321
59713.77437227 0.001286 0.00321
59713.77448747 0.002941 0.00321
59713.77460267 0.002631 0.00321
59713.77471787 0.001740 0.00321
59713.77483307 0.001044 0.00321
59713.77494827 0.002441 0.00321
59713.77506347 -0.000853 0.00321
59713.77517867 0.001230 0.00321
59713.77529387 0.001435 0.00321
59713.77540907 0.000778 0.00321
59713.77552427 0.000288 0.00321
59713.77563947 0.000668 0.00321
59713.77575467 -0.000366 0.00321
59713.77586987 0.001270 0.00321
59713.77598507 0.000751 0.00321
59713.77610027 -0.002235 0.00321
59713.77621547 0.001635 0.00321
59713.77633067 -0.003503 0.00321
59713.77644587 0.000344 0.00321
59713.77656107 -0.000755 0.00321
59713.77667627 0.003321 0.00321
59713.77679147 0.005904 0.00321
59713.77690667 0.002440 0.00321
59713.77702187 0.001993 0.00321
59713.77713707 0.003127 0.00321
59713.77725227 0.004376 0.00321
59713.77736747 0.002225 0.00321
59713.77748267 -0.000033 0.00321
59713.77759787 0.002665 0.00321
59713.77771307 0.002144 0.00321
59713.77782827 0.001057 0.00321
59713.77794347 -0.001966 0.00321
59713.77805867 0.002739 0.00321
59713.77817387 0.002566 0.00321
59713.77828907 -0.001443 0.00321
59713.77840427 -0.000386 0.00321
59713.77851947 -0.000202 0.00321
59713.77863467 0.000932 0.00321
59713.77874987 -0.001487 0.00321
59713.77886507 0.000897 0.00321
59713.77898027 -0.001021 0.00321
59713.77909547 0.001530 0.00321
59713.77921067 0.003302 0.00321
59713.77932587 0.001764 0.00321
59713.77944107 0.000137 0.00321
59713.77955627 -0.000100 0.00321
59713.77967147 0.000435 0.00321
59713.77978667 -0.000038 0.00321
59713.77990187 -0.001649 0.00321
59713.78001707 0.003130 0.00321
59713.78013227 0.002044 0.00321
59713.78024747 -0.002279 0.00321
59713.78036267 0.000488 0.00321
59713.78047787 -0.002324 0.00321
59713.78059307 0.002658 0.00321
59713.78070827 0.003830 0.00321
59713.78082347 -0.002178 0.00321
59713.78093867 0.000561 0.00321
59713.78105387 -0.001655 0.00321
59713.78116907 -0.000560 0.00321
59713.78128427 -0.000256 0.00321
59713.78139947 0.000359 0.00321
59713.78151467 0.000660 0.00321
59713.78162987 0.000805 0.00321
59713.78174507 -0.002238 0.00321
59713.78186027 0.001308 0.00321
59713.78197547 -0.001545 0.00321
59713.78209067 -0.001071 0.00321
59713.78220587 -0.000758 0.00321
59713.78232107 -0.002585 0.00321
59713.78243627 -0.000786 0.00321
59713.78255147 -0.001448 0.00321
59713.78266667 -0.000586 0.00321
59713.78278187 0.000025 0.00321
59713.78289707 -0.000059 0.00321
59713.78301227 -0.001253 0.00321
59713.78312747 -0.000527 0.00321
59713.78324267 0.000553 0.00321
59713.78335787 0.003202 0.00321
59713.78347307 0.000399 0.00321
59713.78358827 0.000418 0.00321
59713.78370347 -0.000827 0.00321
59713.78381867 0.002527 0.00321
59713.78393387 0.002998 0.00321
59713.78404907 0.000916 0.00321
59713.78416427 -0.001799 0.00321
59713.78427947 0.002766 0.00321
59713.78439467 0.000888 0.00321
59713.78450987 -0.000724 0.00321
59713.78462507 0.000234 0.00321
59713.78474027 0.004558 0.00321
59713.78485547 0.002509 0.00321
59713.78497067 0.001961 0.00321
59713.78508587 -0.001294 0.00321
59713.78520107 -0.000827 0.00321
59713.78531627 0.003308 0.00321
59713.78543147 -0.001777 0.00321
59713.78554667 0.002604 0.00321
59713.78566187 -0.000483 0.00321
59713.78577707 0.001410 0.00321
59713.78589227 0.003101 0.00321
59713.78600747 -0.000411 0.00321
59713.78612267 -0.000561 0.00321
59713.78623787 0.000540 0.00321
59713.78635307 -0.000993 0.00321
59713.78646827 0.002968 0.00321
59713.78658347 0.000342 0.00321
59713.78669867 -0.002440 0.00321
59713.78681387 0.000068 0.00321
59713.78692907 0.003148 0.00321
59713.78704427 -0.000610 0.00321
59713.78715947 0.001540 0.00321
59713.78727467 -0.001333 0.00321
59713.78738987 0.001222 0.00321
59713.78750507 0.001973 0.00321
59713.78762027 -0.001961 0.00321
59713.78773547 -0.000321 0.00321
59713.78785067 0.003634 0.00321
59713.78796587 0.001484 0.00321
59713.78808107 0.005076 0.00321
59713.78819627 0.002234 0.00321
59713.78831147 -0.000541 0.00321
59713.78842667 0.001062 0.00321
59713.78854187 0.001760 0.00321
59713.78865707 0.002441 0.00321
59713.78877227 0.005199 0.00321
59713.78888747 0.001184 0.00321
59713.78900267 -0.001390 0.00321
59713.78911787 0.002739 0.00321
59713.78923307 0.001368 0.00321
59713.78934827 0.000470 0.00321
59713.78946347 -0.000461 0.00321
59713.78957867 -0.002523 0.00321
59713.78969387 -0.001691 0.00321
59713.78980907 0.001362 0.00321
59713.78992427 0.000903 0.00321
59713.79003947 -0.000662 0.00321
59713.79015467 -0.000810 0.00321
59713.79026987 0.003189 0.00321
59713.79038507 0.000120 0.00321
59713.79050027 0.001633 0.00321
59713.79061547 -0.001213 0.00321
59713.79073067 0.003109 0.00321
59713.79084587 -0.001407 0.00321
59713.79096107 0.003086 0.00321
59713.79107627 0.001680 0.00321
59713.79119147 0.002480 0.00321
59713.79130667 0.005427 0.00321
59713.79142187 0.001979 0.00321
59713.79153707 0.000844 0.00321
59713.79165227 0.002683 0.00321
59713.79176747 -0.000801 0.00321
59713.79188267 0.002736 0.00321
59713.79199787 0.000158 0.00321
59713.79211307 0.003731 0.00321
59713.79222827 0.002403 0.00321
59713.79234347 0.000843 0.00321
59713.79245867 -0.000407 0.00321
59713.79257387 0.001530 0.00321
59713.79268907 -0.000899 0.00321
59713.79280427 0.001493 0.00321
59713.79291947 0.001464 0.00321
59713.79303467 0.003376 0.00321
59713.79314987 -0.000279 0.00321
59713.79326507 0.001879 0.00321
59713.79338027 0.000336 0.00321
59713.79349547 -0.001143 0.00321
59713.79361067 -0.000668 0.00321
59713.79372587 0.001720 0.00321
59713.79384107 0.002075 0.00321
59713.79395627 0.000792 0.00321
59713.79407147 -0.001726 0.00321
59713.79418667 0.000599 0.00321
59713.79430187 0.002181 0.00321
59713.79441707 0.004194 0.00321
59713.79453227 0.003961 0.00321
59713.79464747 0.002268 0.00321
59713.79476267 0.004790 0.00321
59713.79487787 0.006588 0.00321
59713.79499307 0.005707 0.00321
59713.79510827 0.003654 0.00321
59713.79522347 0.018892 0.00321
59713.79533867 0.008834 0.00321
59713.79545387 0.014366 0.00321
59713.79556907 0.015346 0.00321
59713.79568427 0.008479 0.00321
59713.79579947 0.003082 0.00321
59713.79591467 0.001896 0.00321
59713.79602987 0.001366 0.00321
59713.79614507 0.000842 0.00321
59713.79626027 0.001934 0.00321
59713.79637547 0.000157 0.00321
59713.79649067 -0.001653 0.00321
59713.79660587 0.000211 0.00321
59713.79672107 -0.002095 0.00321
59713.79683627 0.002171 0.00321
59713.79695147 0.000891 0.00321
59713.79706667 -0.002345 0.00321
59713.79718187 0.001051 0.00321
59713.79729707 -0.000182 0.00321
59713.79741227 0.000574 0.00321
59713.79752747 0.000965 0.00321
59713.79764267 0.000383 0.00321
59713.79775787 -0.000072 0.00321
59713.79787307 -0.004047 0.00321
59713.79798827 0.000947 0.00321
59713.79810347 0.001745 0.00321
59713.79821867 -0.000374 0.00321
59713.79833387 0.000541 0.00321
59713.79844907 0.000966 0.00321
59713.79856427 -0.000333 0.00321
59713.79867947 0.001411 0.00321
59713.79879467 0.003104 0.00321
59713.79890987 -0.000455 0.00321
59713.79902507 0.000431 0.00321
59713.79914027 0.000362 0.00321
59713.79925547 -0.002301 0.00321
59713.79937067 -0.002167 0.00321
59713.79948587 0.000695 0.00321
59713.79960107 0.001289 0.00321
59713.79971627 0.000056 0.00321
59713.79983147 0.001598 0.00321
59713.79994667 0.004834 0.00321
59713.80006187 0.000737 0.00321
59713.80017707 -0.003147 0.00321
59713.80029227 0.001960 0.00321
59713.80040747 0.004789 0.00321
59713.80052267 -0.001504 0.00321
59713.80063787 -0.000300 0.00321
59713.80075307 0.002242 0.00321
59713.80086827 -0.000924 0.00321
59713.80098347 0.002658 0.00321
59713.80109867 -0.001114 0.00321
59713.80121387 0.000816 0.00321
59713.80132907 0.001332 0.00321
59713.80144427 0.000833 0.00321
59713.80155947 -0.000887 0.00321
59713.80167467 -0.002567 0.00321
59713.80178987 -0.003175 0.00321
59713.80190507 -0.001151 0.00321
59713.80202027 -0.000041 0.00321
59713.80213547 -0.003770 0.00321
59713.80225067 -0.002445 0.00321
59713.80236587 0.000200 0.00321
59713.80248107 0.000638 0.00321
59713.80259627 0.001697 0.00321
59713.80271147 0.002299 0.00321
59713.80282667 0.000101 0.00321
59713.80294187 0.000750 0.00321
59713.80305707 0.000493 0.00321
59713.80317227 0.000967 0.00321
59713.80328747 -0.000181 0.00321
59713.80340267 0.001065 0.00321
59713.80351787 0.003724 0.00321
59713.80363307 -0.000822 0.00321
59713.80374827 0.002209 0.00321
59713.80386347 -0.000316 0.00321
59713.80397867 0.000263 0.00321
59713.80409387 0.002493 0.00321
59713.80420907 0.004796 0.00321
59713.80432427 -0.000015 0.00321
59713.80443947 0.003064 0.00321
59713.80455467 0.003097 0.00321
59713.80466987 0.000228 0.00321
59713.80478507 0.002626 0.00321
59713.80490027 0.000004 0.00321
59713.80501547 0.002206 0.00321
59713.80513067 -0.001712 0.00321
59713.80524587 -0.001515 0.00321
59713.80536107 -0.000817 0.00321
59713.80547627 0.002468 0.00321
59713.80559147 0.001959 0.00321
59713.80570667 -0.001950 0.00321
59713.80582187 0.000743 0.00321
59713.80593707 0.000464 0.00321
59713.80605227 0.002654 0.00321
59713.80616747 -0.003000 0.00321
59713.80628267 -0.000102 0.00321
59713.80639787 0.001890 0.00321
59713.80651307 0.000863 0.00321
59713.80662827 -0.001255 0.00321
59713.80674347 0.001203 0.00321
59713.80685867 -0.000408 0.00321
59713.80697387 -0.002050 0.00321
59713.80708907 0.001590 0.00321
59713.80720427 0.000020 0.00321
59713.80731947 -0.000585 0.00321
59713.80743467 0.000301 0.00321
59713.80754987 -0.001133 0.00321
59713.80766507 0.003012 0.00321
59713.80778027 0.000386 0.00321
59713.80789547 0.001008 0.00321
59713.80801067 -0.000131 0.00321
59713.80812587 0.001382 0.00321
59713.80824107 0.002317 0.00321
59713.80835627 0.002180 0.00321
59713.80847147 -0.001714 0.00321
59713.80858667 0.001414 0.00321
59713.80870187 -0.000590 0.00321
59713.80881707 -0.001865 0.00321
59713.80893227 0.000095 0.00321
59713.80904747 -0.000025 0.00321
59713.80916267 0.001580 0.00321
59713.80927787 0.003953 0.00321
59713.80939307 0.003002 0.00321
59713.80950827 -0.000941 0.00321
59713.80962347 0.002295 0.00321
59713.80973867 -0.001684 0.00321
59713.80985387 0.001933 0.00321
59713.80996907 0.002417 0.00321
59713.81008427 -0.002536 0.00321
59713.81019947 0.001037 0.00321
59713.81031467 -0.000408 0.00321
59713.81042987 0.003266 0.00321
59713.81054507 0.000236 0.00321
59713.81066027 -0.002411 0.00321
59713.81077547 0.001671 0.00321
59713.81089067 0.001535 0.00321
59713.81100587 0.001257 0.00321
59713.81112107 0.000007 0.00321
59713.81123627 0.001233 0.00321
59713.81135147 0.001901 0.00321
59713.81146667 0.000570 0.00321
59713.81158187 -0.001720 0.00321
59713.81169707 -0.001961 0.00321
59713.81181227 0.002248 0.00321
59713.81192747 -0.001402 0.00321
59713.81204267 -0.001944 0.00321
59713.81215787 -0.001121 0.00321
59713.81227307 0.000795 0.00321
59713.81238827 -0.001321 0.00321
59713.81250347 0.001991 0.00321
59713.81261867 0.003369 0.00321
59713.81273387 -0.000006 0.00321
59713.81284907 0.001977 0.00321
59713.81296427 0.000975 0.00321
59713.81307947 0.001520 0.00321
59713.81319467 0.003540 0.00321
59713.81330987 -0.001147 0.00321
59713.81342507 0.001562 0.00321
59713.81354027 0.002604 0.00321
59713.81365547 0.000318 0.00321
59713.81377067 0.001742 0.00321
59713.81388587 0.001697 0.00321
59713.81400107 0.004395 0.00321
59713.81411627 0.001956 0.00321
59713.81423147 0.003046 0.00321
59713.81434667 0.007552 0.00321
59713.81446187 0.001913 0.00321
59713.81457707 0.005356 0.00321
59713.81469227 0.005650 0.00321
59713.81480747 0.013503 0.00321
59713.81492267 0.008530 0.00321
59713.81503787 0.007532 0.00321
59713.81515307 0.003659 0.00321
59713.81526827 0.008402 0.00321
59713.81538347 0.009477 0.00321
59713.81549867 0.005308 0.00321
59713.81561387 0.021765 0.00321
59713.81572907 0.003897 0.00321
59713.81584427 0.002667 0.00321
59713.81595947 0.001419 0.00321
59713.81607467 0.004092 0.00321
59713.81618987 0.002817 0.00321
59713.81630507 0.006030 0.00321
59713.81642027 0.004308 0.00321
59713.81653547 -0.002044 0.00321
59713.81665067 0.006030 0.00321
59713.81676587 -0.001418 0.00321
59713.81688107 0.000598 0.00321
59713.81699627 -0.001024 0.00321
59713.81711147 0.002895 0.00321
59713.81722667 0.000836 0.00321
59713.81734187 0.001676 0.00321
59713.81745707 0.000351 0.00321
59713.81757227 0.001277 0.00321
59713.81768747 0.001301 0.00321
59713.81780267 0.000962 0.00321
59713.81791787 0.000104 0.00321
59713.81803307 0.000435 0.00321
59713.81814827 -0.001266 0.00321
59713.81826347 -0.001295 0.00321
59713.81837867 -0.000215 0.00321
59713.81849387 -0.002423 0.00321
59713.81860907 -0.000611 0.00321
59713.81872427 -0.000719 0.00321
59713.81883947 0.000043 0.00321
59713.81895467 0.002791 0.00321
59713.81906987 -0.001360 0.00321
59713.81918507 0.003124 0.00321
59713.81930027 -0.000835 0.00321
59713.81941547 0.000352 0.00321
59713.81953067 -0.001531 0.00321
59713.81964587 0.000017 0.00321
59713.81976107 -0.000623 0.00321
59713.81987627 0.001387 0.00321
59713.81999147 -0.001524 0.00321
59713.82010667 -0.002793 0.00321
59713.82022187 -0.001201 0.00321
59713.82033707 -0.000657 0.00321
59713.82045227 -0.002498 0.00321
59713.82056747 -0.000236 0.00321
59713.82068267 0.000250 0.00321
59713.82079787 0.000907 0.00321
59713.82091307 0.002542 0.00321
59713.82102827 0.001326 0.00321
59713.82114347 0.003028 0.00321
59713.82125867 -0.001587 0.00321
59713.82137387 0.002665 0.00321
59713.82148907 -0.000013 0.00321
59713.82160427 0.003709 0.00321
59713.82171947 -0.000338 0.00321
59713.82183467 -0.000361 0.00321
59713.82194987 -0.000061 0.00321
59713.82206507 0.001325 0.00321
59713.82218027 -0.001442 0.00321
59713.82229547 0.001517 0.00321
59713.82241067 0.001732 0.00321
59713.82252587 -0.002508 0.00321
59713.82264107 0.003376 0.00321
59713.82275627 0.000227 0.00321
59713.82287147 0.001410 0.00321
59713.82298667 0.001248 0.00321
59713.82310187 0.001571 0.00321
59713.82321707 -0.000510 0.00321
59713.82333227 0.000460 0.00321
59713.82344747 0.002216 0.00321
59713.82356267 0.001385 0.00321
59713.82367787 0.003389 0.00321
59713.82379307 0.001447 0.00321
59713.82390827 -0.000262 0.00321
59713.82402347 -0.000025 0.00321
59713.82413867 0.000234 0.00321
59713.82425387 0.004609 0.00321
59713.82436907 0.000104 0.00321
59713.82448427 -0.000861 0.00321
59713.82459947 0.002784 0.00321
59713.82471467 0.000752 0.00321
59713.82482987 0.002166 0.00321
59713.82494507 0.002458 0.00321
59713.82506027 -0.000780 0.00321
59713.82517547 -0.001588 0.00321
59713.82529067 0.003794 0.00321
59713.82540587 0.002141 0.00321
59713.82552107 -0.000960 0.00321
59713.82563627 0.001404 0.00321
59713.82575147 0.004483 0.00321
59713.82586667 0.000798 0.00321
59713.82598187 -0.000995 0.00321
59713.82609707 0.004233 0.00321
59713.82621227 0.000753 0.00321
59713.82632747 0.003122 0.00321
59713.82644267 0.000765 0.00321
59713.82655787 -0.000796 0.00321
59713.82667307 -0.002022 0.00321
59713.82678827 -0.000725 0.00321
59713.82690347 0.002435 0.00321
59713.82701867 -0.001920 0.00321
59713.82713387 0.002336 0.00321
59713.82724907 0.002432 0.00321
59713.82736427 0.000655 0.00321
59713.82747947 0.003893 0.00321
59713.82759467 0.000670 0.00321
59713.82770987 -0.002119 0.00321
59713.82782507 -0.001109 0.00321
59713.82794027 0.001280 0.00321
59713.82805547 0.002857 0.00321
59713.82817067 -0.000117 0.00321
59713.82828587 0.001871 0.00321
59713.82840107 0.004551 0.00321
59713.82851627 0.004685 0.00321
59713.82863147 0.001418 0.00321
59713.82874667 0.002091 0.00321
59713.82886187 -0.001835 0.00321
59713.82897707 0.002346 0.00321
59713.82909227 -0.000066 0.00321
59713.82920747 -0.000200 0.00321
59713.82932267 0.002205 0.00321
59713.82943787 0.000149 0.00321
59713.82955307 0.003876 0.00321
59713.82966827 0.003970 0.00321
59713.82978347 0.000873 0.00321
59713.82989867 0.000453 0.00321
59713.83001387 0.002559 0.00321
59713.83012907 0.004292 0.00321
59713.83024427 -0.003551 0.00321
59713.83035947 0.002226 0.00321
59713.83047467 -0.000195 0.00321
59713.83058987 0.001321 0.00321
59713.83070507 0.000602 0.00321
59713.83082027 0.001911 0.00321
59713.83093547 0.002931 0.00321
59713.83105067 -0.002320 0.00321
59713.83116587 0.000859 0.00321
59713.83128107 -0.000280 0.00321
59713.83139627 -0.001652 0.00321
59713.83151147 0.002664 0.00321
59713.83162667 0.001275 0.00321
59713.83174187 -0.000446 0.00321
59713.83185707 0.000437 0.00321
59713.83197227 -0.002033 0.00321
59713.83208747 -0.001345 0.00321
59713.83220267 -0.002234 0.00321
59713.83231787 0.000918 0.00321
59713.83243307 -0.000407 0.00321
59713.83254827 0.001830 0.00321
59713.83266347 0.000734 0.00321
59713.83277867 0.003351 0.00321
59713.83289387 0.002328 0.00321
59713.83300907 0.000384 0.00321
59713.83312427 -0.001255 0.00321
59713.83323947 0.005090 0.00321
59713.83335467 0.003769 0.00321
59713.83346987 0.001747 0.00321
59713.83358507 -0.000524 0.00321
59713.83370027 0.000918 0.00321
59713.83381547 0.001884 0.00321
59713.83393067 -0.002377 0.00321
59713.83404587 0.004532 0.00321
59713.83416107 0.000665 0.00321
59713.83427627 0.001955 0.00321
59713.83439147 -0.000174 0.00321
59713.83450667 0.002628 0.00321
59713.83462187 0.002415 0.00321
59713.83473707 0.001412 0.00321
59713.83485227 0.003248 0.00321
59713.83496747 0.000874 0.00321
59713.83508267 0.000794 0.00321
59713.83519787 -0.000140 0.00321
59713.83531307 0.002075 0.00321
59713.83542827 0.001451 0.00321
59713.83554347 -0.001650 0.00321
59713.83565867 -0.003623 0.00321
59713.83577387 -0.002172 0.00321
59713.83588907 -0.000936 0.00321
59713.83600427 -0.001667 0.00321
59713.83611947 -0.001884 0.00321
59713.83623467 -0.001540 0.00321
59713.83634987 0.002107 0.00321
59713.83646507 -0.000236 0.00321
59713.83658027 -0.000420 0.00321
59713.83669547 -0.002447 0.00321
59713.83681067 -0.001984 0.00321
59713.83692587 -0.000229 0.00321
59713.83704107 -0.000787 0.00321
59713.83715627 -0.000930 0.00321
59713.83727147 -0.001619 0.00321
59713.83738667 0.004097 0.00321
59713.83750187 0.001471 0.00321
59713.83761707 0.003211 0.00321
59713.83773227 0.001293 0.00321
59713.83784747 0.000509 0.00321
59713.83796267 0.002258 0.00321
59713.83807787 0.000002 0.00321
59713.83819307 0.000356 0.00321
59713.83830827 -0.000323 0.00321
59713.83842347 -0.001808 0.00321
59713.83853867 0.007188 0.00321
59713.83865387 0.006336 0.00321
59713.83876907 0.005159 0.00321
59713.83888427 0.001615 0.00321
59713.83899947 -0.000396 0.00321
59713.83911467 -0.000323 0.00321
59713.83922987 -0.003309 0.00321
59713.83934507 -0.001381 0.00321
59713.83946027 -0.000806 0.00321
59713.83957547 -0.000755 0.00321
59713.83969067 -0.001259 0.00321
59713.83980587 -0.001654 0.00321
59713.83992107 -0.000068 0.00321
59713.84003627 -0.003683 0.00321
59713.84015147 -0.001575 0.00321
59713.84026667 0.000320 0.00321
59713.84038187 0.002338 0.00321
59713.84049707 -0.000277 0.00321
59713.84061227 0.000045 0.00321
59713.84072747 -0.000228 0.00321
59713.84084267 0.000510 0.00321
59713.84095787 0.001527 0.00321
59713.84107307 -0.003359 0.00321
59713.84118827 0.001155 0.00321
59713.84130347 0.001751 0.00321
59713.84141867 0.001334 0.00321
59713.84153387 0.002799 0.00321
59713.84164907 -0.000596 0.00321
59713.84176427 0.000630 0.00321
59713.84187947 -0.000476 0.00321
59713.84199467 0.002782 0.00321
59713.84210987 -0.001153 0.00321
59713.84222507 -0.001799 0.00321
59713.84234027 0.001111 0.00321
59713.84245547 -0.002665 0.00321
59713.84257067 -0.002566 0.00321
59713.84268587 -0.003629 0.00321
59713.84280107 -0.002302 0.00321
59713.84291627 -0.002685 0.00321
59713.84303147 0.001743 0.00321
59713.84314667 -0.002989 0.00321
59713.84326187 -0.001296 0.00321
59713.84337707 0.002874 0.00321
59713.84349227 -0.001608 0.00321
59713.84360747 0.000669 0.00321
59713.84372267 -0.002688 0.00321
59713.84383787 0.002582 0.00321
59713.84395307 0.000652 0.00321
59713.84406827 -0.000026 0.00321
59713.84418347 -0.002094 0.00321
59713.84429867 0.001727 0.00321
59713.84441387 -0.003830 0.00321
59713.84452907 -0.000490 0.00321
59713.84464427 0.001628 0.00321
59713.84475947 -0.001493 0.00321
59713.84487467 -0.002330 0.00321
59713.84498987 -0.000486 0.00321
59713.84510507 -0.002231 0.00321
59713.84522027 0.000243 0.00321
59713.84533547 -0.000683 0.00321
59713.84545067 -0.000405 0.00321
59713.84556587 -0.001860 0.00321
59713.84568107 -0.000453 0.00321
59713.84579627 0.000226 0.00321
59713.84591147 0.001413 0.00321
59713.84602667 -0.000851 0.00321
59713.84614187 -0.000771 0.00321
59713.84625707 0.002255 0.00321
59713.84637227 0.000622 0.00321
59713.84648747 0.000001 0.00321
59713.84660267 -0.002742 0.00321
59713.84671787 0.000197 0.00321
59713.84683307 -0.000853 0.00321
59713.84694827 -0.000085 0.00321
59713.84706347 -0.000947 0.00321
59713.84717867 0.000099 0.00321
59713.84729387 -0.002034 0.00321
59713.84740907 0.000767 0.00321
59713.84752427 -0.002958 0.00321
59713.84763947 -0.003602 0.00321
59713.84775467 -0.002084 0.00321
59713.84786987 0.002132 0.00321
59713.84798507 -0.000309 0.00321
59713.84810027 -0.001261 0.00321
59713.84821547 -0.000284 0.00321
59713.84833067 0.002707 0.00321
59713.84844587 -0.002032 0.00321
59713.84856107 0.000865 0.00321
59713.84867627 0.000763 0.00321
59713.84879147 0.003198 0.00321
59713.84890667 0.000693 0.00321
59713.84902187 0.001986 0.00321
59713.84913707 0.001557 0.00321
59713.84925227 -0.001072 0.00321
59713.84936747 0.002152 0.00321
59713.84948267 -0.001956 0.00321
59713.84959787 0.004228 0.00321
59713.84971307 0.001447 0.00321
59713.84982827 0.000443 0.00321
59713.84994347 0.000369 0.00321
59713.85005867 0.003602 0.00321
59713.85017387 0.001891 0.00321
59713.85028907 0.006467 0.00321
59713.85040427 -0.000610 0.00321
59713.85051947 0.001086 0.00321
59713.85063467 0.002534 0.00321
59713.85074987 0.004115 0.00321
59713.85086507 0.002380 0.00321
59713.85098027 0.000060 0.00321
59713.85109547 0.001964 0.00321
59713.85121067 -0.001432 0.00321
59713.85132587 -0.002510 0.00321
59713.85144107 0.002782 0.00321
59713.85155627 -0.000054 0.00321
59713.85167147 0.000779 0.00321
59713.85178667 -0.002653 0.00321
59713.85190187 0.000006 0.00321
59713.85201707 0.001191 0.00321
59713.85213227 0.001894 0.00321
59713.85224747 -0.002568 0.00321
59713.85236267 -0.000625 0.00321
59713.85247787 -0.001695 0.00321
59713.85259307 0.004790 0.00321
59713.85270827 -0.000366 0.00321
59713.85282347 0.000394 0.00321
59713.85293867 -0.001238 0.00321
59713.85305387 -0.000839 0.00321
59713.85316907 -0.001348 0.00321
59713.85328427 0.000291 0.00321
59713.85339947 -0.000578 0.00321
59713.85351467 0.001052 0.00321
59713.85362987 -0.000143 0.00321
59713.85374507 0.002138 0.00321
59713.85386027 0.000063 0.00321
59713.85397547 0.000316 0.00321
59713.85409067 -0.000459 0.00321
59713.85420587 0.002275 0.00321
59713.85432107 0.000201 0.00321
59713.85443627 0.000168 0.00321
59713.85455147 0.003266 0.00321
59713.85466667 0.004436 0.00321
59713.85478187 0.002948 0.00321
59713.85489707 0.002022 0.00321
59713.85501227 0.001813 0.00321
59713.85512747 0.002391 0.00321
59713.85524267 0.004487 0.00321
59713.85535787 0.004134 0.00321
59713.85547307 0.003304 0.00321
59713.85558827 0.004178 0.00321
59713.85570347 0.002404 0.00321
59713.85581867 0.001946 0.00321
59713.85593387 0.000777 0.00321
59713.85604907 0.003153 0.00321
59713.85616427 0.000582 0.00321
59713.85627947 0.002164 0.00321
59713.85639467 -0.000873 0.00321
59713.85650987 0.000982 0.00321
59713.85662507 0.000558 0.00321
59713.85674027 -0.000925 0.00321
59713.85685547 -0.002829 0.00321
59713.85697067 -0.000255 0.00321
59713.85708587 0.002651 0.00321
59713.85720107 -0.000576 0.00321
59713.85731627 0.001714 0.00321
59713.85743147 -0.000552 0.00321
59713.85754667 0.002575 0.00321
59713.85766187 -0.002673 0.00321
59713.85777707 0.005460 0.00321
59713.85789227 0.002152 0.00321
59713.85800747 0.000883 0.00321
59713.85812267 0.005171 0.00321
59713.85823787 0.010231 0.00321
59713.85835307 0.007868 0.00321
59713.85846827 0.005722 0.00321
59713.85858347 0.002797 0.00321
59713.85869867 0.000329 0.00321
59713.85881387 0.006579 0.00321
59713.85892907 0.004840 0.00321
59713.85904427 0.006729 0.00321
59713.85915947 0.002851 0.00321
59713.85927467 0.002955 0.00321
59713.85938987 -0.001731 0.00321
59713.85950507 0.001264 0.00321
59713.85962027 0.000703 0.00321
59713.85973547 -0.000228 0.00321
59713.85985067 -0.001580 0.00321
59713.85996587 0.000138 0.00321
59713.86008107 0.002646 0.00321
59713.86019627 -0.000624 0.00321
59713.86031147 0.002193 0.00321
59713.86042667 0.000420 0.00321
59713.86054187 0.002128 0.00321
59713.86065707 -0.002379 0.00321
59713.86077227 -0.003641 0.00321
59713.86088747 0.000634 0.00321
59713.86100267 0.001196 0.00321
59713.86111787 -0.000016 0.00321
59713.86123307 0.000591 0.00321
59713.86134827 0.003045 0.00321
59713.86146347 0.000035 0.00321
59713.86157867 0.005297 0.00321
59713.86169387 0.001887 0.00321
59713.86180907 0.000384 0.00321
59713.86192427 0.004812 0.00321
59713.86203947 0.001147 0.00321
59713.86215467 -0.000096 0.00321
59713.86226987 -0.001348 0.00321
59713.86238507 0.002428 0.00321
59713.86250027 0.001143 0.00321
59713.86261547 -0.003454 0.00321
59713.86273067 0.003517 0.00321
59713.86284587 0.000725 0.00321
59713.86296107 0.003252 0.00321
59713.86307627 -0.000460 0.00321
59713.86319147 0.002785 0.00321
59713.86330667 0.002790 0.00321
59713.86342187 -0.001536 0.00321
59713.86353707 0.001457 0.00321
59713.86365227 0.001204 0.00321
59713.86376747 0.000191 0.00321
59713.86388267 0.001733 0.00321
59713.86399787 0.000740 0.00321
59713.86411307 -0.000494 0.00321
59713.86422827 0.001220 0.00321
59713.86434347 -0.000702 0.00321
59713.86445867 0.000450 0.00321
59713.86457387 -0.000979 0.00321
59713.86468907 0.000124 0.00321
59713.86480427 0.001487 0.00321
59713.86491947 0.003280 0.00321
59713.86503467 0.002650 0.00321
59713.86514987 0.000231 0.00321
59713.86526507 0.003901 0.00321
59713.86538027 0.005127 0.00321
59713.86549547 0.001904 0.00321
59713.86561067 0.002238 0.00321
59713.86572587 0.001761 0.00321
59713.86584107 0.000927 0.00321
59713.86595627 0.005888 0.00321
59713.86607147 0.003208 0.00321
59713.86618667 0.000520 0.00321
59713.86630187 0.002062 0.00321
59713.86641707 0.003395 0.00321
59713.86653227 0.003959 0.00321
59713.86664747 0.000469 0.00321
59713.86676267 0.000620 0.00321
59713.86687787 -0.002116 0.00321
59713.86699307 -0.000683 0.00321
59713.86710827 0.000991 0.00321
59713.86722347 0.001465 0.00321
59713.86733867 -0.000129 0.00321
59713.86745387 -0.000963 0.00321
59713.86756907 0.002419 0.00321
59713.86768427 0.000972 0.00321
59713.86779947 -0.000919 0.00321
59713.86791467 -0.000675 0.00321
59713.86802987 0.003659 0.00321
59713.86814507 0.000022 0.00321
59713.86826027 -0.002795 0.00321
59713.86837547 0.003451 0.00321
59713.86849067 0.001133 0.00321
59713.86860587 -0.002069 0.00321
59713.86872107 0.003287 0.00321
59713.86883627 0.003882 0.00321
59713.86895147 0.001516 0.00321
59713.86906667 0.000965 0.00321
59713.86918187 0.000798 0.00321
59713.86929707 -0.000806 0.00321
59713.86941227 0.000351 0.00321
59713.86952747 -0.001195 0.00321
59713.86964267 0.000786 0.00321
59713.86975787 -0.003933 0.00321
59713.86987307 -0.000672 0.00321
59713.86998827 -0.000609 0.00321
59713.87010347 0.002076 0.00321
59713.87021867 0.002485 0.00321
59713.87033387 -0.002718 0.00321
59713.87044907 0.001650 0.00321
59713.87056427 -0.003133 0.00321
59713.87067947 -0.004445 0.00321
59713.87079467 0.000264 0.00321
59713.87090987 -0.002208 0.00321
59713.87102507 -0.002582 0.00321
59713.87114027 0.002915 0.00321
59713.87125547 0.000003 0.00321
59713.87137067 -0.002662 0.00321
59713.87148587 -0.000987 0.00321
59713.87160107 0.000095 0.00321
59713.87171627 0.000027 0.00321
59713.87183147 -0.001926 0.00321
59713.87194667 -0.007411 0.00321
59713.87206187 -0.001005 0.00321
59713.87217707 -0.000180 0.00321
59713.87229227 0.000446 0.00321
59713.87240747 0.000065 0.00321
59713.87252267 0.000371 0.00321
59713.87263787 0.000930 0.00321
59713.87275307 -0.000442 0.00321
59713.87286827 -0.003546 0.00321
59713.87298347 -0.001860 0.00321
59713.87309867 0.002950 0.00321
59713.87321387 -0.001695 0.00321
59713.87332907 0.000865 0.00321
59713.87344427 0.000961 0.00321
59713.87355947 -0.000095 0.00321
59713.87367467 -0.000913 0.00321
59713.87378987 0.000238 0.00321
59713.87390507 -0.002184 0.00321
59713.87402027 0.002526 0.00321
59713.87413547 -0.001424 0.00321
59713.87425067 -0.001593 0.00321
59713.87436587 0.001553 0.00321
59713.87448107 -0.002047 0.00321
59713.87459627 -0.001263 0.00321
59713.87471147 0.000000 0.00321
59713.87482667 0.000146 0.00321
59713.87494187 0.000529 0.00321
59713.87505707 -0.003129 0.00321
59713.87517227 0.001093 0.00321
59713.87528747 -0.001791 0.00321
59713.87540267 -0.004562 0.00321
59713.87551787 -0.001194 0.00321
59713.87563307 -0.000608 0.00321
59713.87574827 -0.000946 0.00321
59713.87586347 -0.002320 0.00321
59713.87597867 -0.002855 0.00321
59713.87609387 -0.001154 0.00321
59713.87620907 -0.002034 0.00321
59713.87632427 -0.005000 0.00321
59713.87643947 -0.001550 0.00321
59713.87655467 -0.003591 0.00321
59713.87666987 0.000168 0.00321
59713.87678507 0.000432 0.00321
59713.87690027 -0.004316 0.00321
59713.87701547 -0.002275 0.00321
59713.87713067 -0.002894 0.00321
59713.87724587 -0.001412 0.00321
59713.87736107 -0.001922 0.00321
59713.87747627 -0.003531 0.00321
59713.87759147 -0.000298 0.00321
59713.87770667 -0.000562 0.00321
59713.87782187 -0.002840 0.00321
59713.87793707 -0.001035 0.00321
59713.87805227 -0.000396 0.00321
59713.87816747 -0.001207 0.00321
59713.87828267 0.000824 0.00321
59713.87839787 -0.001062 0.00321
59713.87851307 -0.000821 0.00321
59713.87862827 -0.003804 0.00321
59713.87874347 -0.001999 0.00321
59713.87885867 0.001630 0.00321
59713.87897387 0.001589 0.00321
59713.87908907 -0.000878 0.00321
59713.87920427 -0.000810 0.00321
59713.87931947 -0.001840 0.00321
59713.87943467 -0.001102 0.00321
59713.87954987 -0.002547 0.00321
59713.87966507 -0.002190 0.00321
59713.87978027 -0.004828 0.00321
59713.87989547 -0.004996 0.00321
59713.88001067 -0.002887 0.00321
59713.88012587 -0.001723 0.00321
59713.88024107 -0.004038 0.00321
59713.88035627 -0.002913 0.00321
59713.88047147 -0.002901 0.00321
59713.88058667 -0.002301 0.00321
59713.88070187 -0.005441 0.00321
59713.88081707 -0.007794 0.00321
59713.88093227 -0.003126 0.00321
59713.88104747 -0.005717 0.00321
59713.88116267 -0.004669 0.00321
59713.88127787 -0.002189 0.00321
59713.88139307 -0.005124 0.00321
59713.88150827 -0.004164 0.00321
59713.88162347 -0.001884 0.00321
59713.88173867 -0.004721 0.00321
59713.88185387 -0.001498 0.00321
59713.88196907 0.000443 0.00321
59713.88208427 -0.000794 0.00321
59713.88219947 -0.006346 0.00321
59713.88231467 -0.005097 0.00321
59713.88242987 -0.001729 0.00321
59713.88254507 -0.002667 0.00321
59713.88266027 -0.004215 0.00321
59713.88277547 -0.004003 0.00321
59713.88289067 -0.001921 0.00321
59713.88300587 -0.001200 0.00321
59713.88312107 -0.004316 0.00321
59713.88323627 -0.003429 0.00321
59713.88335147 -0.006092 0.00321
59713.88346667 -0.003183 0.00321
59713.88358187 -0.003089 0.00321
59713.88369707 -0.004181 0.00321
59713.88381227 -0.003177 0.00321
59713.88392747 -0.002295 0.00321
59713.88404267 -0.000831 0.00321
59713.88415787 -0.000213 0.00321
59713.88427307 -0.005281 0.00321
59713.88438827 -0.004339 0.00321
